file,class,method,constructor,line,cbo,cboModified,fanin,fanout,wmc,rfc,loc,returnsQty,variablesQty,parametersQty,methodsInvokedQty,methodsInvokedLocalQty,methodsInvokedIndirectLocalQty,loopQty,comparisonsQty,tryCatchQty,parenthesizedExpsQty,stringLiteralsQty,numbersQty,assignmentsQty,mathOperationsQty,maxNestedBlocksQty,anonymousClassesQty,innerClassesQty,lambdasQty,uniqueWordsQty,modifiers,logStatementsQty,hasJavaDoc
C:\Users\h8men\OneDrive\Documentos\Cefet\TCC\kafka-streams-machine-learning-examples\h2o-gbm\src\main\java\com\github\megachucky\kafka\streams\machinelearning\models\gbm_pojo_test.java,com.github.megachucky.kafka.streams.machinelearning.models.gbm_pojo_test_ColInfo_6$gbm_pojo_test_ColInfo_6_0,fill/1[java.lang.String[]],false,105,0,1,1,0,1,0,12,0,0,1,0,0,0,0,0,0,0,10,10,10,0,0,0,0,0,2,24,0,false
C:\Users\h8men\OneDrive\Documentos\Cefet\TCC\kafka-streams-machine-learning-examples\h2o-gbm\src\test\java\com\github\megachucky\kafka\streams\machinelearning\Kafka_Streams_MachineLearning_H2O_DeepLearning_Example_IntegrationTest.java,com.github.megachucky.kafka.streams.machinelearning.Kafka_Streams_MachineLearning_H2O_DeepLearning_Example_IntegrationTest,startKafkaCluster/0,false,58,1,0,0,0,1,1,4,0,0,0,1,0,0,0,0,0,0,0,0,0,0,0,0,0,0,7,9,0,false
C:\Users\h8men\OneDrive\Documentos\Cefet\TCC\kafka-streams-machine-learning-examples\h2o-gbm\src\test\java\com\github\megachucky\kafka\streams\machinelearning\Kafka_Streams_MachineLearning_H2O_DeepLearning_Example_IntegrationTest.java,com.github.megachucky.kafka.streams.machinelearning.Kafka_Streams_MachineLearning_H2O_DeepLearning_Example_IntegrationTest,shouldPredictFlightDelay/0,false,64,13,0,0,0,6,32,76,0,18,0,32,0,0,1,1,1,0,29,16,17,4,4,0,0,2,66,1,0,false
C:\Users\h8men\OneDrive\Documentos\Cefet\TCC\kafka-streams-machine-learning-examples\h2o-gbm\src\main\java\com\github\megachucky\kafka\streams\machinelearning\models\deeplearning_fe7c1f02_08ec_4070_b784_c2531147e451.java,com.github.megachucky.kafka.streams.machinelearning.models.deeplearning_fe7c1f02_08ec_4070_b784_c2531147e451_Weight_2$deeplearning_fe7c1f02_08ec_4070_b784_c2531147e451_Weight_2_0,fill/1[float[]],false,56375,1,1,1,0,1,0,3002,0,0,1,0,0,0,0,0,0,0,0,6000,3000,0,0,0,0,0,5,24,0,false
C:\Users\h8men\OneDrive\Documentos\Cefet\TCC\kafka-streams-machine-learning-examples\h2o-gbm\src\main\java\com\github\megachucky\kafka\streams\machinelearning\models\deeplearning_fe7c1f02_08ec_4070_b784_c2531147e451.java,com.github.megachucky.kafka.streams.machinelearning.models.deeplearning_fe7c1f02_08ec_4070_b784_c2531147e451_Weight_2$deeplearning_fe7c1f02_08ec_4070_b784_c2531147e451_Weight_2_1,fill/1[float[]],false,59379,1,1,1,0,1,0,3002,0,0,1,0,0,0,0,0,0,0,0,6000,3000,0,0,0,0,0,3,24,0,false
C:\Users\h8men\OneDrive\Documentos\Cefet\TCC\kafka-streams-machine-learning-examples\h2o-gbm\src\main\java\com\github\megachucky\kafka\streams\machinelearning\models\deeplearning_fe7c1f02_08ec_4070_b784_c2531147e451.java,com.github.megachucky.kafka.streams.machinelearning.models.deeplearning_fe7c1f02_08ec_4070_b784_c2531147e451_Weight_2$deeplearning_fe7c1f02_08ec_4070_b784_c2531147e451_Weight_2_2,fill/1[float[]],false,62383,1,1,1,0,1,0,3002,0,0,1,0,0,0,0,0,0,0,0,6000,3000,0,0,0,0,0,4,24,0,false
C:\Users\h8men\OneDrive\Documentos\Cefet\TCC\kafka-streams-machine-learning-examples\h2o-gbm\src\main\java\com\github\megachucky\kafka\streams\machinelearning\models\deeplearning_fe7c1f02_08ec_4070_b784_c2531147e451.java,com.github.megachucky.kafka.streams.machinelearning.models.deeplearning_fe7c1f02_08ec_4070_b784_c2531147e451_Weight_2$deeplearning_fe7c1f02_08ec_4070_b784_c2531147e451_Weight_2_3,fill/1[float[]],false,65387,1,1,1,0,1,0,3002,0,0,1,0,0,0,0,0,0,0,0,6000,3000,0,0,0,0,0,5,24,0,false
C:\Users\h8men\OneDrive\Documentos\Cefet\TCC\kafka-streams-machine-learning-examples\h2o-gbm\src\main\java\com\github\megachucky\kafka\streams\machinelearning\models\deeplearning_fe7c1f02_08ec_4070_b784_c2531147e451.java,com.github.megachucky.kafka.streams.machinelearning.models.deeplearning_fe7c1f02_08ec_4070_b784_c2531147e451_Bias_2$deeplearning_fe7c1f02_08ec_4070_b784_c2531147e451_Bias_2_0,fill/1[double[]],false,434,1,1,1,0,1,0,202,0,0,1,0,0,0,0,0,0,0,0,400,200,0,0,0,0,0,2,24,0,false
C:\Users\h8men\OneDrive\Documentos\Cefet\TCC\kafka-streams-machine-learning-examples\h2o-gbm\src\main\java\com\github\megachucky\kafka\streams\machinelearning\models\deeplearning_fe7c1f02_08ec_4070_b784_c2531147e451.java,com.github.megachucky.kafka.streams.machinelearning.models.deeplearning_fe7c1f02_08ec_4070_b784_c2531147e451_Weight_2$deeplearning_fe7c1f02_08ec_4070_b784_c2531147e451_Weight_2_4,fill/1[float[]],false,68391,1,1,1,0,1,0,3002,0,0,1,0,0,0,0,0,0,0,0,6000,3000,0,0,0,0,0,3,24,0,false
C:\Users\h8men\OneDrive\Documentos\Cefet\TCC\kafka-streams-machine-learning-examples\h2o-gbm\src\main\java\com\github\megachucky\kafka\streams\machinelearning\models\deeplearning_fe7c1f02_08ec_4070_b784_c2531147e451.java,com.github.megachucky.kafka.streams.machinelearning.models.deeplearning_fe7c1f02_08ec_4070_b784_c2531147e451_Weight_2$deeplearning_fe7c1f02_08ec_4070_b784_c2531147e451_Weight_2_5,fill/1[float[]],false,71395,1,1,1,0,1,0,3002,0,0,1,0,0,0,0,0,0,0,0,6000,3000,0,0,0,0,0,3,24,0,false
C:\Users\h8men\OneDrive\Documentos\Cefet\TCC\kafka-streams-machine-learning-examples\h2o-gbm\src\main\java\com\github\megachucky\kafka\streams\machinelearning\models\deeplearning_fe7c1f02_08ec_4070_b784_c2531147e451.java,com.github.megachucky.kafka.streams.machinelearning.models.deeplearning_fe7c1f02_08ec_4070_b784_c2531147e451_Weight_1$deeplearning_fe7c1f02_08ec_4070_b784_c2531147e451_Weight_1_8,fill/1[float[]],false,24711,1,1,1,0,1,0,3002,0,0,1,0,0,0,0,0,0,0,0,6000,3000,0,0,0,0,0,4,24,0,false
C:\Users\h8men\OneDrive\Documentos\Cefet\TCC\kafka-streams-machine-learning-examples\h2o-gbm\src\main\java\com\github\megachucky\kafka\streams\machinelearning\models\deeplearning_fe7c1f02_08ec_4070_b784_c2531147e451.java,com.github.megachucky.kafka.streams.machinelearning.models.deeplearning_fe7c1f02_08ec_4070_b784_c2531147e451_Weight_1$deeplearning_fe7c1f02_08ec_4070_b784_c2531147e451_Weight_1_9,fill/1[float[]],false,27715,1,1,1,0,1,0,3002,0,0,1,0,0,0,0,0,0,0,0,6000,3000,0,0,0,0,0,4,24,0,false
C:\Users\h8men\OneDrive\Documentos\Cefet\TCC\kafka-streams-machine-learning-examples\h2o-gbm\src\main\java\com\github\megachucky\kafka\streams\machinelearning\models\deeplearning_fe7c1f02_08ec_4070_b784_c2531147e451.java,com.github.megachucky.kafka.streams.machinelearning.models.deeplearning_fe7c1f02_08ec_4070_b784_c2531147e451_Weight_1$deeplearning_fe7c1f02_08ec_4070_b784_c2531147e451_Weight_1_6,fill/1[float[]],false,18703,1,1,1,0,1,0,3002,0,0,1,0,0,0,0,0,0,0,0,6000,3000,0,0,0,0,0,4,24,0,false
C:\Users\h8men\OneDrive\Documentos\Cefet\TCC\kafka-streams-machine-learning-examples\h2o-gbm\src\main\java\com\github\megachucky\kafka\streams\machinelearning\Kafka_Streams_MachineLearning_H2O_GBM_Example.java,com.github.megachucky.kafka.streams.machinelearning.Kafka_Streams_MachineLearning_H2O_GBM_Example,main/1[java.lang.String[]],false,36,1,1,0,1,2,1,4,0,1,1,1,0,0,0,0,0,0,1,2,1,0,0,0,0,0,6,9,0,false
C:\Users\h8men\OneDrive\Documentos\Cefet\TCC\kafka-streams-machine-learning-examples\h2o-gbm\src\main\java\com\github\megachucky\kafka\streams\machinelearning\models\deeplearning_fe7c1f02_08ec_4070_b784_c2531147e451.java,com.github.megachucky.kafka.streams.machinelearning.models.deeplearning_fe7c1f02_08ec_4070_b784_c2531147e451_Weight_1$deeplearning_fe7c1f02_08ec_4070_b784_c2531147e451_Weight_1_7,fill/1[float[]],false,21707,1,1,1,0,1,0,3002,0,0,1,0,0,0,0,0,0,0,0,6000,3000,0,0,0,0,0,5,24,0,false
C:\Users\h8men\OneDrive\Documentos\Cefet\TCC\kafka-streams-machine-learning-examples\h2o-gbm\src\main\java\com\github\megachucky\kafka\streams\machinelearning\models\gbm_pojo_test.java,com.github.megachucky.kafka.streams.machinelearning.models.gbm_pojo_test_Tree_7_class_0,score0/1[double[]],false,1228,1,1,1,0,79,3,4,1,1,1,3,0,0,0,0,0,50,0,206,1,0,0,0,0,0,3,24,0,false
C:\Users\h8men\OneDrive\Documentos\Cefet\TCC\kafka-streams-machine-learning-examples\dl4j-deeplearning-iris\src\test\java\com\github\jukkakarvanen\kafka\streams\integration\utils\TestEmbeddedKafkaCluster.java,com.github.jukkakarvanen.kafka.streams.integration.utils.TestEmbeddedKafkaCluster,"TestEmbeddedKafkaCluster/3[int,java.util.Properties,long]",true,30,0,0,0,0,1,0,3,0,0,3,0,0,0,0,0,0,0,0,0,0,0,0,0,0,0,8,1,0,false
C:\Users\h8men\OneDrive\Documentos\Cefet\TCC\kafka-streams-machine-learning-examples\dl4j-deeplearning-iris\src\test\java\com\github\jukkakarvanen\kafka\streams\integration\utils\TestEmbeddedKafkaCluster.java,com.github.jukkakarvanen.kafka.streams.integration.utils.TestEmbeddedKafkaCluster,TestEmbeddedKafkaCluster/1[int],true,22,0,0,0,0,1,0,3,0,0,1,0,0,0,0,0,0,0,0,0,0,0,0,0,0,0,6,1,0,false
C:\Users\h8men\OneDrive\Documentos\Cefet\TCC\kafka-streams-machine-learning-examples\dl4j-deeplearning-iris\src\test\java\com\github\jukkakarvanen\kafka\streams\integration\utils\TestEmbeddedKafkaCluster.java,com.github.jukkakarvanen.kafka.streams.integration.utils.TestEmbeddedKafkaCluster,after/0,false,38,0,0,0,0,2,2,8,0,0,0,2,0,0,0,0,1,0,1,0,0,0,1,0,0,0,10,1,1,false
C:\Users\h8men\OneDrive\Documentos\Cefet\TCC\kafka-streams-machine-learning-examples\dl4j-deeplearning-iris\src\test\java\com\github\jukkakarvanen\kafka\streams\integration\utils\TestEmbeddedKafkaCluster.java,com.github.jukkakarvanen.kafka.streams.integration.utils.TestEmbeddedKafkaCluster,"TestEmbeddedKafkaCluster/4[int,java.util.Properties,long,long]",true,34,0,0,0,0,1,0,3,0,0,4,0,0,0,0,0,0,0,0,0,0,0,0,0,0,0,8,1,0,false
C:\Users\h8men\OneDrive\Documentos\Cefet\TCC\kafka-streams-machine-learning-examples\dl4j-deeplearning-iris\src\test\java\com\github\jukkakarvanen\kafka\streams\integration\utils\TestEmbeddedKafkaCluster.java,com.github.jukkakarvanen.kafka.streams.integration.utils.TestEmbeddedKafkaCluster,"TestEmbeddedKafkaCluster/2[int,java.util.Properties]",true,26,0,0,0,0,1,0,3,0,0,2,0,0,0,0,0,0,0,0,0,0,0,0,0,0,0,6,1,0,false
C:\Users\h8men\OneDrive\Documentos\Cefet\TCC\kafka-streams-machine-learning-examples\h2o-gbm\src\main\java\com\github\megachucky\kafka\streams\machinelearning\models\deeplearning_fe7c1f02_08ec_4070_b784_c2531147e451.java,com.github.megachucky.kafka.streams.machinelearning.models.deeplearning_fe7c1f02_08ec_4070_b784_c2531147e451_Bias_1$deeplearning_fe7c1f02_08ec_4070_b784_c2531147e451_Bias_1_0,fill/1[double[]],false,223,1,1,1,0,1,0,202,0,0,1,0,0,0,0,0,0,0,0,400,200,0,0,0,0,0,2,24,0,false
C:\Users\h8men\OneDrive\Documentos\Cefet\TCC\kafka-streams-machine-learning-examples\h2o-gbm\src\main\java\com\github\megachucky\kafka\streams\machinelearning\models\gbm_pojo_test.java,com.github.megachucky.kafka.streams.machinelearning.models.gbm_pojo_test_Tree_3_class_0,score0/1[double[]],false,762,1,1,1,0,83,3,4,1,1,1,3,0,0,0,0,0,51,0,219,1,0,0,0,0,0,3,24,0,false
C:\Users\h8men\OneDrive\Documentos\Cefet\TCC\kafka-streams-machine-learning-examples\h2o-gbm\src\test\java\com\github\megachucky\kafka\streams\machinelearning\TestKafkaStreams.java,com.github.megachucky.kafka.streams.machinelearning.TestKafkaStreams,"TestKafkaStreams/3[com.github.megachucky.kafka.streams.machinelearning.Topology,java.util.Properties,com.github.megachucky.kafka.streams.machinelearning.Time]",true,35,2,0,0,0,1,0,3,0,0,3,0,0,0,0,0,0,0,0,0,0,0,0,0,0,0,5,1,0,false
C:\Users\h8men\OneDrive\Documentos\Cefet\TCC\kafka-streams-machine-learning-examples\h2o-gbm\src\test\java\com\github\megachucky\kafka\streams\machinelearning\TestKafkaStreams.java,com.github.megachucky.kafka.streams.machinelearning.TestKafkaStreams,"TestKafkaStreams/4[com.github.megachucky.kafka.streams.machinelearning.Topology,java.util.Properties,com.github.megachucky.kafka.streams.machinelearning.KafkaClientSupplier,com.github.megachucky.kafka.streams.machinelearning.Time]",true,39,3,0,0,0,1,0,3,0,0,4,0,0,0,0,0,0,0,0,0,0,0,0,0,0,0,5,1,0,false
C:\Users\h8men\OneDrive\Documentos\Cefet\TCC\kafka-streams-machine-learning-examples\h2o-gbm\src\test\java\com\github\megachucky\kafka\streams\machinelearning\TestKafkaStreams.java,com.github.megachucky.kafka.streams.machinelearning.TestKafkaStreams,"TestKafkaStreams/3[com.github.megachucky.kafka.streams.machinelearning.Topology,java.util.Properties,com.github.megachucky.kafka.streams.machinelearning.KafkaClientSupplier]",true,31,2,0,0,0,1,0,3,0,0,3,0,0,0,0,0,0,0,0,0,0,0,0,0,0,0,6,1,0,false
C:\Users\h8men\OneDrive\Documentos\Cefet\TCC\kafka-streams-machine-learning-examples\h2o-gbm\src\test\java\com\github\megachucky\kafka\streams\machinelearning\TestKafkaStreams.java,com.github.megachucky.kafka.streams.machinelearning.TestKafkaStreams,cleanUp/0,false,43,0,0,0,0,2,2,8,0,0,0,2,0,0,0,0,1,0,1,0,0,0,1,0,0,0,11,1,1,false
C:\Users\h8men\OneDrive\Documentos\Cefet\TCC\kafka-streams-machine-learning-examples\h2o-gbm\src\test\java\com\github\megachucky\kafka\streams\machinelearning\TestKafkaStreams.java,com.github.megachucky.kafka.streams.machinelearning.TestKafkaStreams,"TestKafkaStreams/2[com.github.megachucky.kafka.streams.machinelearning.Topology,java.util.Properties]",true,27,1,0,0,0,1,0,3,0,0,2,0,0,0,0,0,0,0,0,0,0,0,0,0,0,0,5,1,0,false
C:\Users\h8men\OneDrive\Documentos\Cefet\TCC\kafka-streams-machine-learning-examples\h2o-gbm\src\main\java\com\github\megachucky\kafka\streams\machinelearning\models\deeplearning_fe7c1f02_08ec_4070_b784_c2531147e451.java,com.github.megachucky.kafka.streams.machinelearning.models.deeplearning_fe7c1f02_08ec_4070_b784_c2531147e451_Weight_2$deeplearning_fe7c1f02_08ec_4070_b784_c2531147e451_Weight_2_6,fill/1[float[]],false,74399,1,1,1,0,1,0,3002,0,0,1,0,0,0,0,0,0,0,0,6000,3000,0,0,0,0,0,4,24,0,false
C:\Users\h8men\OneDrive\Documentos\Cefet\TCC\kafka-streams-machine-learning-examples\h2o-gbm\src\main\java\com\github\megachucky\kafka\streams\machinelearning\models\deeplearning_fe7c1f02_08ec_4070_b784_c2531147e451.java,com.github.megachucky.kafka.streams.machinelearning.models.deeplearning_fe7c1f02_08ec_4070_b784_c2531147e451_Weight_2$deeplearning_fe7c1f02_08ec_4070_b784_c2531147e451_Weight_2_7,fill/1[float[]],false,77403,1,1,1,0,1,0,3002,0,0,1,0,0,0,0,0,0,0,0,6000,3000,0,0,0,0,0,5,24,0,false
C:\Users\h8men\OneDrive\Documentos\Cefet\TCC\kafka-streams-machine-learning-examples\h2o-gbm\src\main\java\com\github\megachucky\kafka\streams\machinelearning\models\deeplearning_fe7c1f02_08ec_4070_b784_c2531147e451.java,com.github.megachucky.kafka.streams.machinelearning.models.deeplearning_fe7c1f02_08ec_4070_b784_c2531147e451$NORMMUL$NORMMUL_0,fill/1[double[]],false,39,1,1,1,0,1,0,12,0,0,1,0,0,0,0,0,0,0,0,20,10,0,0,0,0,0,2,24,0,false
C:\Users\h8men\OneDrive\Documentos\Cefet\TCC\kafka-streams-machine-learning-examples\h2o-gbm\src\main\java\com\github\megachucky\kafka\streams\machinelearning\models\deeplearning_fe7c1f02_08ec_4070_b784_c2531147e451.java,com.github.megachucky.kafka.streams.machinelearning.models.deeplearning_fe7c1f02_08ec_4070_b784_c2531147e451_Weight_2$deeplearning_fe7c1f02_08ec_4070_b784_c2531147e451_Weight_2_8,fill/1[float[]],false,80407,1,1,1,0,1,0,3002,0,0,1,0,0,0,0,0,0,0,0,6000,3000,0,0,0,0,0,4,24,0,false
C:\Users\h8men\OneDrive\Documentos\Cefet\TCC\kafka-streams-machine-learning-examples\h2o-gbm\src\main\java\com\github\megachucky\kafka\streams\machinelearning\models\deeplearning_fe7c1f02_08ec_4070_b784_c2531147e451.java,com.github.megachucky.kafka.streams.machinelearning.models.deeplearning_fe7c1f02_08ec_4070_b784_c2531147e451_Weight_2$deeplearning_fe7c1f02_08ec_4070_b784_c2531147e451_Weight_2_9,fill/1[float[]],false,83411,1,1,1,0,1,0,3002,0,0,1,0,0,0,0,0,0,0,0,6000,3000,0,0,0,0,0,4,24,0,false
C:\Users\h8men\OneDrive\Documentos\Cefet\TCC\kafka-streams-machine-learning-examples\h2o-gbm\src\main\java\com\github\megachucky\kafka\streams\machinelearning\models\deeplearning_fe7c1f02_08ec_4070_b784_c2531147e451.java,com.github.megachucky.kafka.streams.machinelearning.models.deeplearning_fe7c1f02_08ec_4070_b784_c2531147e451$NORMMUL,(initializer 1),false,35,1,2,0,2,1,1,3,0,0,0,1,0,0,0,0,0,0,0,0,0,0,0,0,0,0,6,8,0,false
C:\Users\h8men\OneDrive\Documentos\Cefet\TCC\kafka-streams-machine-learning-examples\h2o-gbm\src\main\java\com\github\megachucky\kafka\streams\machinelearning\models\deeplearning_fe7c1f02_08ec_4070_b784_c2531147e451.java,com.github.megachucky.kafka.streams.machinelearning.models.deeplearning_fe7c1f02_08ec_4070_b784_c2531147e451_Weight_3$deeplearning_fe7c1f02_08ec_4070_b784_c2531147e451_Weight_3_0,fill/1[float[]],false,96438,1,1,1,0,1,0,402,0,0,1,0,0,0,0,0,0,0,0,800,400,0,0,0,0,0,2,24,0,false
C:\Users\h8men\OneDrive\Documentos\Cefet\TCC\kafka-streams-machine-learning-examples\h2o-gbm\src\main\java\com\github\megachucky\kafka\streams\machinelearning\models\deeplearning_fe7c1f02_08ec_4070_b784_c2531147e451.java,com.github.megachucky.kafka.streams.machinelearning.models.deeplearning_fe7c1f02_08ec_4070_b784_c2531147e451,deeplearning_fe7c1f02_08ec_4070_b784_c2531147e451/0,true,127,0,0,0,0,1,0,3,0,0,0,0,0,0,0,0,0,0,0,0,0,0,0,0,0,0,6,1,0,false
C:\Users\h8men\OneDrive\Documentos\Cefet\TCC\kafka-streams-machine-learning-examples\h2o-gbm\src\main\java\com\github\megachucky\kafka\streams\machinelearning\models\deeplearning_fe7c1f02_08ec_4070_b784_c2531147e451.java,com.github.megachucky.kafka.streams.machinelearning.models.deeplearning_fe7c1f02_08ec_4070_b784_c2531147e451,"score0/2[double[],double[]]",false,134,2,0,0,0,20,6,75,1,31,2,6,0,0,12,1,0,2,1,65,59,46,4,0,0,0,32,17,0,false
C:\Users\h8men\OneDrive\Documentos\Cefet\TCC\kafka-streams-machine-learning-examples\h2o-gbm\src\main\java\com\github\megachucky\kafka\streams\machinelearning\models\deeplearning_fe7c1f02_08ec_4070_b784_c2531147e451.java,com.github.megachucky.kafka.streams.machinelearning.models.deeplearning_fe7c1f02_08ec_4070_b784_c2531147e451,getModelCategory/0,false,27,1,0,0,0,1,0,3,1,0,0,0,0,0,0,0,0,0,0,0,0,0,0,0,0,0,3,1,0,false
C:\Users\h8men\OneDrive\Documentos\Cefet\TCC\kafka-streams-machine-learning-examples\h2o-gbm\src\main\java\com\github\megachucky\kafka\streams\machinelearning\models\deeplearning_fe7c1f02_08ec_4070_b784_c2531147e451.java,com.github.megachucky.kafka.streams.machinelearning.models.deeplearning_fe7c1f02_08ec_4070_b784_c2531147e451,nfeatures/0,false,29,0,0,0,0,1,0,3,1,0,0,0,0,0,0,0,0,0,0,1,0,0,0,0,0,0,1,1,0,false
C:\Users\h8men\OneDrive\Documentos\Cefet\TCC\kafka-streams-machine-learning-examples\h2o-gbm\src\main\java\com\github\megachucky\kafka\streams\machinelearning\models\deeplearning_fe7c1f02_08ec_4070_b784_c2531147e451.java,com.github.megachucky.kafka.streams.machinelearning.models.deeplearning_fe7c1f02_08ec_4070_b784_c2531147e451,getUUID/0,false,128,0,0,0,0,1,1,3,1,0,0,1,0,0,0,0,0,0,0,1,0,0,0,0,0,0,6,1,0,false
C:\Users\h8men\OneDrive\Documentos\Cefet\TCC\kafka-streams-machine-learning-examples\h2o-gbm\src\main\java\com\github\megachucky\kafka\streams\machinelearning\models\deeplearning_fe7c1f02_08ec_4070_b784_c2531147e451.java,com.github.megachucky.kafka.streams.machinelearning.models.deeplearning_fe7c1f02_08ec_4070_b784_c2531147e451,nclasses/0,false,30,0,0,0,0,1,0,3,1,0,0,0,0,0,0,0,0,0,0,1,0,0,0,0,0,0,1,1,0,false
C:\Users\h8men\OneDrive\Documentos\Cefet\TCC\kafka-streams-machine-learning-examples\h2o-gbm\src\main\java\com\github\megachucky\kafka\streams\machinelearning\models\deeplearning_fe7c1f02_08ec_4070_b784_c2531147e451.java,com.github.megachucky.kafka.streams.machinelearning.models.deeplearning_fe7c1f02_08ec_4070_b784_c2531147e451,isSupervised/0,false,28,0,0,0,0,1,0,3,1,0,0,0,0,0,0,0,0,0,0,0,0,0,0,0,0,0,3,1,0,false
C:\Users\h8men\OneDrive\Documentos\Cefet\TCC\kafka-streams-machine-learning-examples\tensorflow-image-recognition\src\main\java\com\github\megachucky\kafka\streams\machinelearning\Kafka_Streams_TensorFlow_Image_Recognition_Example.java,com.github.megachucky.kafka.streams.machinelearning.Kafka_Streams_TensorFlow_Image_Recognition_Example$GraphBuilder,"binaryOp/3[java.lang.String,com.github.megachucky.kafka.streams.machinelearning.Output,com.github.megachucky.kafka.streams.machinelearning.Output]",false,257,1,4,4,0,1,4,3,1,0,3,4,0,0,0,0,0,0,0,1,0,0,0,0,0,0,5,2,0,false
C:\Users\h8men\OneDrive\Documentos\Cefet\TCC\kafka-streams-machine-learning-examples\tensorflow-image-recognition\src\main\java\com\github\megachucky\kafka\streams\machinelearning\Kafka_Streams_TensorFlow_Image_Recognition_Example.java,com.github.megachucky.kafka.streams.machinelearning.Kafka_Streams_TensorFlow_Image_Recognition_Example$GraphBuilder,"decodeJpeg/2[com.github.megachucky.kafka.streams.machinelearning.Output,long]",false,246,1,1,1,0,1,5,3,1,0,2,5,0,0,0,0,0,0,3,1,0,0,0,0,0,0,5,0,0,false
C:\Users\h8men\OneDrive\Documentos\Cefet\TCC\kafka-streams-machine-learning-examples\tensorflow-image-recognition\src\main\java\com\github\megachucky\kafka\streams\machinelearning\Kafka_Streams_TensorFlow_Image_Recognition_Example.java,com.github.megachucky.kafka.streams.machinelearning.Kafka_Streams_TensorFlow_Image_Recognition_Example$GraphBuilder,"resizeBilinear/2[com.github.megachucky.kafka.streams.machinelearning.Output,com.github.megachucky.kafka.streams.machinelearning.Output]",false,234,2,2,1,1,1,1,3,1,0,2,1,1,1,0,0,0,0,1,0,0,0,0,0,0,0,6,0,0,false
C:\Users\h8men\OneDrive\Documentos\Cefet\TCC\kafka-streams-machine-learning-examples\tensorflow-image-recognition\src\main\java\com\github\megachucky\kafka\streams\machinelearning\Kafka_Streams_TensorFlow_Image_Recognition_Example.java,com.github.megachucky.kafka.streams.machinelearning.Kafka_Streams_TensorFlow_Image_Recognition_Example$GraphBuilder,"sub/2[com.github.megachucky.kafka.streams.machinelearning.Output,com.github.megachucky.kafka.streams.machinelearning.Output]",false,230,2,2,1,1,1,1,3,1,0,2,1,1,1,0,0,0,0,1,0,0,0,0,0,0,0,5,0,0,false
C:\Users\h8men\OneDrive\Documentos\Cefet\TCC\kafka-streams-machine-learning-examples\tensorflow-image-recognition\src\main\java\com\github\megachucky\kafka\streams\machinelearning\Kafka_Streams_TensorFlow_Image_Recognition_Example.java,com.github.megachucky.kafka.streams.machinelearning.Kafka_Streams_TensorFlow_Image_Recognition_Example$GraphBuilder,"div/2[com.github.megachucky.kafka.streams.machinelearning.Output,com.github.megachucky.kafka.streams.machinelearning.Output]",false,226,2,2,1,1,1,1,3,1,0,2,1,1,1,0,0,0,0,1,0,0,0,0,0,0,0,5,0,0,false
C:\Users\h8men\OneDrive\Documentos\Cefet\TCC\kafka-streams-machine-learning-examples\tensorflow-image-recognition\src\main\java\com\github\megachucky\kafka\streams\machinelearning\Kafka_Streams_TensorFlow_Image_Recognition_Example.java,com.github.megachucky.kafka.streams.machinelearning.Kafka_Streams_TensorFlow_Image_Recognition_Example$GraphBuilder,"constant/2[java.lang.String,java.lang.Object]",false,251,1,1,1,0,1,6,5,1,1,2,6,0,0,0,0,1,0,3,1,1,0,1,0,0,0,5,0,0,false
C:\Users\h8men\OneDrive\Documentos\Cefet\TCC\kafka-streams-machine-learning-examples\tensorflow-image-recognition\src\main\java\com\github\megachucky\kafka\streams\machinelearning\Kafka_Streams_TensorFlow_Image_Recognition_Example.java,com.github.megachucky.kafka.streams.machinelearning.Kafka_Streams_TensorFlow_Image_Recognition_Example$GraphBuilder,"cast/2[com.github.megachucky.kafka.streams.machinelearning.Output,com.github.megachucky.kafka.streams.machinelearning.DataType]",false,242,2,1,1,0,1,5,3,1,0,2,5,0,0,0,0,0,0,3,1,0,0,0,0,0,0,4,0,0,false
C:\Users\h8men\OneDrive\Documentos\Cefet\TCC\kafka-streams-machine-learning-examples\tensorflow-image-recognition\src\main\java\com\github\megachucky\kafka\streams\machinelearning\Kafka_Streams_TensorFlow_Image_Recognition_Example.java,com.github.megachucky.kafka.streams.machinelearning.Kafka_Streams_TensorFlow_Image_Recognition_Example$GraphBuilder,GraphBuilder/1[com.github.megachucky.kafka.streams.machinelearning.Graph],true,222,1,1,1,0,1,0,3,0,0,1,0,0,0,0,0,0,0,0,0,1,0,0,0,0,0,3,0,0,false
C:\Users\h8men\OneDrive\Documentos\Cefet\TCC\kafka-streams-machine-learning-examples\tensorflow-image-recognition\src\main\java\com\github\megachucky\kafka\streams\machinelearning\Kafka_Streams_TensorFlow_Image_Recognition_Example.java,com.github.megachucky.kafka.streams.machinelearning.Kafka_Streams_TensorFlow_Image_Recognition_Example$GraphBuilder,"expandDims/2[com.github.megachucky.kafka.streams.machinelearning.Output,com.github.megachucky.kafka.streams.machinelearning.Output]",false,238,2,2,1,1,1,1,3,1,0,2,1,1,1,0,0,0,0,1,0,0,0,0,0,0,0,6,0,0,false
C:\Users\h8men\OneDrive\Documentos\Cefet\TCC\kafka-streams-machine-learning-examples\tensorflow-image-recognition\src\test\java\com\github\megachucky\kafka\streams\machinelearning\Kafka_Streams_TensorFlow_Image_Recognition_ExampleTest.java,com.github.megachucky.kafka.streams.machinelearning.Kafka_Streams_TensorFlow_Image_Recognition_ExampleTest,testOne/0,false,61,2,1,0,1,1,5,4,0,0,0,5,1,1,0,0,0,0,2,1,0,0,0,0,0,0,22,1,0,true
C:\Users\h8men\OneDrive\Documentos\Cefet\TCC\kafka-streams-machine-learning-examples\tensorflow-image-recognition\src\test\java\com\github\megachucky\kafka\streams\machinelearning\Kafka_Streams_TensorFlow_Image_Recognition_ExampleTest.java,com.github.megachucky.kafka.streams.machinelearning.Kafka_Streams_TensorFlow_Image_Recognition_ExampleTest,getOutput/0,false,52,1,2,2,0,1,4,5,1,1,0,4,0,0,0,0,0,0,0,0,1,0,0,0,0,0,5,2,0,false
C:\Users\h8men\OneDrive\Documentos\Cefet\TCC\kafka-streams-machine-learning-examples\tensorflow-image-recognition\src\test\java\com\github\megachucky\kafka\streams\machinelearning\Kafka_Streams_TensorFlow_Image_Recognition_ExampleTest.java,com.github.megachucky.kafka.streams.machinelearning.Kafka_Streams_TensorFlow_Image_Recognition_ExampleTest,testList/0,false,70,3,1,0,1,1,11,8,0,3,0,11,1,1,0,0,0,0,6,2,2,0,0,0,0,1,30,1,0,true
C:\Users\h8men\OneDrive\Documentos\Cefet\TCC\kafka-streams-machine-learning-examples\tensorflow-image-recognition\src\test\java\com\github\megachucky\kafka\streams\machinelearning\Kafka_Streams_TensorFlow_Image_Recognition_ExampleTest.java,com.github.megachucky.kafka.streams.machinelearning.Kafka_Streams_TensorFlow_Image_Recognition_ExampleTest,tearDown/0,false,42,1,0,0,0,2,3,8,0,0,0,3,0,0,0,0,1,0,1,0,0,1,1,0,0,0,10,1,0,false
C:\Users\h8men\OneDrive\Documentos\Cefet\TCC\kafka-streams-machine-learning-examples\tensorflow-image-recognition\src\test\java\com\github\megachucky\kafka\streams\machinelearning\Kafka_Streams_TensorFlow_Image_Recognition_ExampleTest.java,com.github.megachucky.kafka.streams.machinelearning.Kafka_Streams_TensorFlow_Image_Recognition_ExampleTest,setup/0,false,37,3,2,0,2,1,2,3,0,0,0,2,0,0,0,0,0,0,1,0,1,0,0,0,0,0,8,1,0,false
C:\Users\h8men\OneDrive\Documentos\Cefet\TCC\kafka-streams-machine-learning-examples\h2o-gbm\src\main\java\com\github\megachucky\kafka\streams\machinelearning\models\gbm_pojo_test.java,com.github.megachucky.kafka.streams.machinelearning.models.gbm_pojo_test_Tree_8_class_0,score0/1[double[]],false,1341,1,1,1,0,86,3,4,1,1,1,3,0,0,0,0,0,52,0,229,1,0,0,0,0,0,3,24,0,false
C:\Users\h8men\OneDrive\Documentos\Cefet\TCC\kafka-streams-machine-learning-examples\h2o-gbm\src\test\java\com\github\megachucky\kafka\streams\machinelearning\TestEmbeddedKafkaCluster.java,com.github.megachucky.kafka.streams.machinelearning.TestEmbeddedKafkaCluster,"TestEmbeddedKafkaCluster/2[int,java.util.Properties]",true,28,0,0,0,0,1,0,3,0,0,2,0,0,0,0,0,0,0,0,0,0,0,0,0,0,0,6,1,0,false
C:\Users\h8men\OneDrive\Documentos\Cefet\TCC\kafka-streams-machine-learning-examples\h2o-gbm\src\test\java\com\github\megachucky\kafka\streams\machinelearning\TestEmbeddedKafkaCluster.java,com.github.megachucky.kafka.streams.machinelearning.TestEmbeddedKafkaCluster,TestEmbeddedKafkaCluster/1[int],true,24,0,0,0,0,1,0,3,0,0,1,0,0,0,0,0,0,0,0,0,0,0,0,0,0,0,6,1,0,false
C:\Users\h8men\OneDrive\Documentos\Cefet\TCC\kafka-streams-machine-learning-examples\h2o-gbm\src\test\java\com\github\megachucky\kafka\streams\machinelearning\TestEmbeddedKafkaCluster.java,com.github.megachucky.kafka.streams.machinelearning.TestEmbeddedKafkaCluster,"TestEmbeddedKafkaCluster/3[int,java.util.Properties,long]",true,32,0,0,0,0,1,0,3,0,0,3,0,0,0,0,0,0,0,0,0,0,0,0,0,0,0,8,1,0,false
C:\Users\h8men\OneDrive\Documentos\Cefet\TCC\kafka-streams-machine-learning-examples\h2o-gbm\src\test\java\com\github\megachucky\kafka\streams\machinelearning\TestEmbeddedKafkaCluster.java,com.github.megachucky.kafka.streams.machinelearning.TestEmbeddedKafkaCluster,"TestEmbeddedKafkaCluster/4[int,java.util.Properties,long,long]",true,37,0,0,0,0,1,0,3,0,0,4,0,0,0,0,0,0,0,0,0,0,0,0,0,0,0,8,1,0,false
C:\Users\h8men\OneDrive\Documentos\Cefet\TCC\kafka-streams-machine-learning-examples\h2o-gbm\src\test\java\com\github\megachucky\kafka\streams\machinelearning\TestEmbeddedKafkaCluster.java,com.github.megachucky.kafka.streams.machinelearning.TestEmbeddedKafkaCluster,after/0,false,41,0,0,0,0,2,2,8,0,0,0,2,0,0,0,0,1,0,1,0,0,0,1,0,0,0,10,1,1,false
C:\Users\h8men\OneDrive\Documentos\Cefet\TCC\kafka-streams-machine-learning-examples\tensorflow-image-recognition\src\test\java\com\github\megachucky\kafka\streams\machinelearning\test\Kafka_Streams_TensorFlow_Image_Recognition_Example_IntegrationTest.java,com.github.megachucky.kafka.streams.machinelearning.test.Kafka_Streams_TensorFlow_Image_Recognition_Example_IntegrationTest$GraphBuilder,"sub/2[com.github.megachucky.kafka.streams.machinelearning.test.Output,com.github.megachucky.kafka.streams.machinelearning.test.Output]",false,268,2,2,1,1,1,1,3,1,0,2,1,1,1,0,0,0,0,1,0,0,0,0,0,0,0,5,0,0,false
C:\Users\h8men\OneDrive\Documentos\Cefet\TCC\kafka-streams-machine-learning-examples\tensorflow-image-recognition\src\test\java\com\github\megachucky\kafka\streams\machinelearning\test\Kafka_Streams_TensorFlow_Image_Recognition_Example_IntegrationTest.java,com.github.megachucky.kafka.streams.machinelearning.test.Kafka_Streams_TensorFlow_Image_Recognition_Example_IntegrationTest$GraphBuilder,"expandDims/2[com.github.megachucky.kafka.streams.machinelearning.test.Output,com.github.megachucky.kafka.streams.machinelearning.test.Output]",false,276,2,2,1,1,1,1,3,1,0,2,1,1,1,0,0,0,0,1,0,0,0,0,0,0,0,6,0,0,false
C:\Users\h8men\OneDrive\Documentos\Cefet\TCC\kafka-streams-machine-learning-examples\tensorflow-image-recognition\src\test\java\com\github\megachucky\kafka\streams\machinelearning\test\Kafka_Streams_TensorFlow_Image_Recognition_Example_IntegrationTest.java,com.github.megachucky.kafka.streams.machinelearning.test.Kafka_Streams_TensorFlow_Image_Recognition_Example_IntegrationTest$GraphBuilder,"decodeJpeg/2[com.github.megachucky.kafka.streams.machinelearning.test.Output,long]",false,284,1,1,1,0,1,5,3,1,0,2,5,0,0,0,0,0,0,3,1,0,0,0,0,0,0,5,0,0,false
C:\Users\h8men\OneDrive\Documentos\Cefet\TCC\kafka-streams-machine-learning-examples\tensorflow-image-recognition\src\test\java\com\github\megachucky\kafka\streams\machinelearning\test\Kafka_Streams_TensorFlow_Image_Recognition_Example_IntegrationTest.java,com.github.megachucky.kafka.streams.machinelearning.test.Kafka_Streams_TensorFlow_Image_Recognition_Example_IntegrationTest$GraphBuilder,"cast/2[com.github.megachucky.kafka.streams.machinelearning.test.Output,com.github.megachucky.kafka.streams.machinelearning.test.DataType]",false,280,2,1,1,0,1,5,3,1,0,2,5,0,0,0,0,0,0,3,1,0,0,0,0,0,0,4,0,0,false
C:\Users\h8men\OneDrive\Documentos\Cefet\TCC\kafka-streams-machine-learning-examples\tensorflow-image-recognition\src\test\java\com\github\megachucky\kafka\streams\machinelearning\test\Kafka_Streams_TensorFlow_Image_Recognition_Example_IntegrationTest.java,com.github.megachucky.kafka.streams.machinelearning.test.Kafka_Streams_TensorFlow_Image_Recognition_Example_IntegrationTest$GraphBuilder,"resizeBilinear/2[com.github.megachucky.kafka.streams.machinelearning.test.Output,com.github.megachucky.kafka.streams.machinelearning.test.Output]",false,272,2,2,1,1,1,1,3,1,0,2,1,1,1,0,0,0,0,1,0,0,0,0,0,0,0,6,0,0,false
C:\Users\h8men\OneDrive\Documentos\Cefet\TCC\kafka-streams-machine-learning-examples\tensorflow-image-recognition\src\test\java\com\github\megachucky\kafka\streams\machinelearning\test\Kafka_Streams_TensorFlow_Image_Recognition_Example_IntegrationTest.java,com.github.megachucky.kafka.streams.machinelearning.test.Kafka_Streams_TensorFlow_Image_Recognition_Example_IntegrationTest$GraphBuilder,"constant/2[java.lang.String,java.lang.Object]",false,289,1,1,1,0,1,6,5,1,1,2,6,0,0,0,0,1,0,3,1,1,0,1,0,0,0,5,0,0,false
C:\Users\h8men\OneDrive\Documentos\Cefet\TCC\kafka-streams-machine-learning-examples\tensorflow-image-recognition\src\test\java\com\github\megachucky\kafka\streams\machinelearning\test\Kafka_Streams_TensorFlow_Image_Recognition_Example_IntegrationTest.java,com.github.megachucky.kafka.streams.machinelearning.test.Kafka_Streams_TensorFlow_Image_Recognition_Example_IntegrationTest$GraphBuilder,"div/2[com.github.megachucky.kafka.streams.machinelearning.test.Output,com.github.megachucky.kafka.streams.machinelearning.test.Output]",false,264,2,2,1,1,1,1,3,1,0,2,1,1,1,0,0,0,0,1,0,0,0,0,0,0,0,5,0,0,false
C:\Users\h8men\OneDrive\Documentos\Cefet\TCC\kafka-streams-machine-learning-examples\tensorflow-image-recognition\src\test\java\com\github\megachucky\kafka\streams\machinelearning\test\Kafka_Streams_TensorFlow_Image_Recognition_Example_IntegrationTest.java,com.github.megachucky.kafka.streams.machinelearning.test.Kafka_Streams_TensorFlow_Image_Recognition_Example_IntegrationTest$GraphBuilder,"binaryOp/3[java.lang.String,com.github.megachucky.kafka.streams.machinelearning.test.Output,com.github.megachucky.kafka.streams.machinelearning.test.Output]",false,295,1,4,4,0,1,4,3,1,0,3,4,0,0,0,0,0,0,0,1,0,0,0,0,0,0,5,2,0,false
C:\Users\h8men\OneDrive\Documentos\Cefet\TCC\kafka-streams-machine-learning-examples\tensorflow-image-recognition\src\test\java\com\github\megachucky\kafka\streams\machinelearning\test\Kafka_Streams_TensorFlow_Image_Recognition_Example_IntegrationTest.java,com.github.megachucky.kafka.streams.machinelearning.test.Kafka_Streams_TensorFlow_Image_Recognition_Example_IntegrationTest$GraphBuilder,GraphBuilder/1[com.github.megachucky.kafka.streams.machinelearning.test.Graph],true,260,1,1,1,0,1,0,3,0,0,1,0,0,0,0,0,0,0,0,0,1,0,0,0,0,0,3,0,0,false
C:\Users\h8men\OneDrive\Documentos\Cefet\TCC\kafka-streams-machine-learning-examples\h2o-gbm\src\main\java\com\github\megachucky\kafka\streams\machinelearning\models\deeplearning_fe7c1f02_08ec_4070_b784_c2531147e451.java,com.github.megachucky.kafka.streams.machinelearning.models.deeplearning_fe7c1f02_08ec_4070_b784_c2531147e451_ColInfo_1,(initializer 11),false,97013,1,1,0,1,1,1,3,0,0,0,1,0,0,0,0,0,0,0,0,0,0,0,0,0,0,6,8,0,false
C:\Users\h8men\OneDrive\Documentos\Cefet\TCC\kafka-streams-machine-learning-examples\dl4j-deeplearning-iris\src\test\java\com\github\megachucky\kafka\streams\machinelearning\test\Kafka_Streams_MachineLearning_DL4J_DeepLearning_Iris_IntegrationTest.java,com.github.megachucky.kafka.streams.machinelearning.test.Kafka_Streams_MachineLearning_DL4J_DeepLearning_Iris_IntegrationTest,shouldPredictIrisFlowerType/0,false,65,12,0,0,0,3,35,57,0,18,0,35,0,0,0,1,0,0,21,8,16,4,2,0,0,2,59,1,0,false
C:\Users\h8men\OneDrive\Documentos\Cefet\TCC\kafka-streams-machine-learning-examples\dl4j-deeplearning-iris\src\test\java\com\github\megachucky\kafka\streams\machinelearning\test\Kafka_Streams_MachineLearning_DL4J_DeepLearning_Iris_IntegrationTest.java,com.github.megachucky.kafka.streams.machinelearning.test.Kafka_Streams_MachineLearning_DL4J_DeepLearning_Iris_IntegrationTest,startKafkaCluster/0,false,59,1,0,0,0,1,1,4,0,0,0,1,0,0,0,0,0,0,0,0,0,0,0,0,0,0,7,9,0,false
C:\Users\h8men\OneDrive\Documentos\Cefet\TCC\kafka-streams-machine-learning-examples\h2o-gbm\src\main\java\com\github\megachucky\kafka\streams\machinelearning\models\deeplearning_fe7c1f02_08ec_4070_b784_c2531147e451.java,com.github.megachucky.kafka.streams.machinelearning.models.deeplearning_fe7c1f02_08ec_4070_b784_c2531147e451_ColInfo_0,(initializer 10),false,96868,1,1,0,1,1,1,3,0,0,0,1,0,0,0,0,0,0,0,0,0,0,0,0,0,0,6,8,0,false
C:\Users\h8men\OneDrive\Documentos\Cefet\TCC\kafka-streams-machine-learning-examples\h2o-gbm\src\main\java\com\github\megachucky\kafka\streams\machinelearning\models\gbm_pojo_test.java,com.github.megachucky.kafka.streams.machinelearning.models.gbm_pojo_test_Tree_4_class_0,score0/1[double[]],false,877,1,1,1,0,84,3,4,1,1,1,3,0,0,0,0,0,52,0,221,1,0,0,0,0,0,3,24,0,false
C:\Users\h8men\OneDrive\Documentos\Cefet\TCC\kafka-streams-machine-learning-examples\h2o-gbm\src\main\java\com\github\megachucky\kafka\streams\machinelearning\Kafka_Streams_MachineLearning_H2O_Application.java,com.github.megachucky.kafka.streams.machinelearning.Kafka_Streams_MachineLearning_H2O_Application,"getStreamConfiguration/2[java.lang.String,java.lang.String]",false,56,0,3,3,0,1,4,9,1,1,2,4,0,0,0,0,0,0,0,1,1,0,0,0,0,0,7,8,0,false
C:\Users\h8men\OneDrive\Documentos\Cefet\TCC\kafka-streams-machine-learning-examples\h2o-gbm\src\main\java\com\github\megachucky\kafka\streams\machinelearning\Kafka_Streams_MachineLearning_H2O_Application.java,com.github.megachucky.kafka.streams.machinelearning.Kafka_Streams_MachineLearning_H2O_Application,"execute/3[java.lang.String,java.lang.String,java.lang.String]",false,37,3,4,2,2,1,7,10,0,3,3,7,2,1,0,0,0,0,2,0,3,0,0,0,0,0,22,9,0,false
C:\Users\h8men\OneDrive\Documentos\Cefet\TCC\kafka-streams-machine-learning-examples\h2o-gbm\src\main\java\com\github\megachucky\kafka\streams\machinelearning\Kafka_Streams_MachineLearning_H2O_Application.java,com.github.megachucky.kafka.streams.machinelearning.Kafka_Streams_MachineLearning_H2O_Application,getStreamTopology/1[java.lang.String],false,75,8,3,3,0,6,13,45,3,10,1,13,0,0,1,1,1,0,18,10,10,3,4,0,0,1,49,8,0,false
C:\Users\h8men\OneDrive\Documentos\Cefet\TCC\kafka-streams-machine-learning-examples\h2o-gbm\src\main\java\com\github\megachucky\kafka\streams\machinelearning\models\deeplearning_fe7c1f02_08ec_4070_b784_c2531147e451.java,com.github.megachucky.kafka.streams.machinelearning.models.deeplearning_fe7c1f02_08ec_4070_b784_c2531147e451_ColInfo_1$deeplearning_fe7c1f02_08ec_4070_b784_c2531147e451_ColInfo_1_0,fill/1[java.lang.String[]],false,97017,0,1,1,0,1,0,134,0,0,1,0,0,0,0,0,0,0,132,132,132,0,0,0,0,0,2,24,0,false
C:\Users\h8men\OneDrive\Documentos\Cefet\TCC\kafka-streams-machine-learning-examples\h2o-gbm\src\main\java\com\github\megachucky\kafka\streams\machinelearning\models\deeplearning_fe7c1f02_08ec_4070_b784_c2531147e451.java,com.github.megachucky.kafka.streams.machinelearning.models.deeplearning_fe7c1f02_08ec_4070_b784_c2531147e451_Bias_3$deeplearning_fe7c1f02_08ec_4070_b784_c2531147e451_Bias_3_0,fill/1[double[]],false,645,1,1,1,0,1,0,4,0,0,1,0,0,0,0,0,0,0,0,4,2,0,0,0,0,0,2,24,0,false
C:\Users\h8men\OneDrive\Documentos\Cefet\TCC\kafka-streams-machine-learning-examples\tensorflow-image-recognition\src\test\java\com\github\megachucky\kafka\streams\machinelearning\test\Kafka_Streams_TensorFlow_Image_Recognition_Example_IntegrationTest.java,com.github.megachucky.kafka.streams.machinelearning.test.Kafka_Streams_TensorFlow_Image_Recognition_Example_IntegrationTest,shouldRecognizeImages/0,false,68,12,1,0,1,2,33,60,0,23,0,33,0,0,0,0,2,0,20,6,22,3,3,0,0,2,84,1,0,false
C:\Users\h8men\OneDrive\Documentos\Cefet\TCC\kafka-streams-machine-learning-examples\tensorflow-image-recognition\src\test\java\com\github\megachucky\kafka\streams\machinelearning\test\Kafka_Streams_TensorFlow_Image_Recognition_Example_IntegrationTest.java,com.github.megachucky.kafka.streams.machinelearning.test.Kafka_Streams_TensorFlow_Image_Recognition_Example_IntegrationTest,"executeInceptionGraph/2[byte[],com.github.megachucky.kafka.streams.machinelearning.test.Tensor]",false,227,6,0,0,0,3,11,13,1,5,2,11,0,0,0,2,2,0,3,7,5,0,3,0,0,0,33,10,0,false
C:\Users\h8men\OneDrive\Documentos\Cefet\TCC\kafka-streams-machine-learning-examples\tensorflow-image-recognition\src\test\java\com\github\megachucky\kafka\streams\machinelearning\test\Kafka_Streams_TensorFlow_Image_Recognition_Example_IntegrationTest.java,com.github.megachucky.kafka.streams.machinelearning.test.Kafka_Streams_TensorFlow_Image_Recognition_Example_IntegrationTest,startKafkaCluster/0,false,62,1,0,0,0,1,1,4,0,0,0,1,0,0,0,0,0,0,0,0,0,0,0,0,0,0,7,9,0,false
C:\Users\h8men\OneDrive\Documentos\Cefet\TCC\kafka-streams-machine-learning-examples\tensorflow-image-recognition\src\test\java\com\github\megachucky\kafka\streams\machinelearning\test\Kafka_Streams_TensorFlow_Image_Recognition_Example_IntegrationTest.java,com.github.megachucky.kafka.streams.machinelearning.test.Kafka_Streams_TensorFlow_Image_Recognition_Example_IntegrationTest,constructAndExecuteGraphToNormalizeImage/1[byte[]],false,195,7,8,0,8,1,13,14,1,9,1,13,0,0,0,0,2,0,5,7,9,0,2,0,0,0,24,10,0,false
C:\Users\h8men\OneDrive\Documentos\Cefet\TCC\kafka-streams-machine-learning-examples\tensorflow-image-recognition\src\test\java\com\github\megachucky\kafka\streams\machinelearning\test\Kafka_Streams_TensorFlow_Image_Recognition_Example_IntegrationTest.java,com.github.megachucky.kafka.streams.machinelearning.test.Kafka_Streams_TensorFlow_Image_Recognition_Example_IntegrationTest,maxIndex/1[float[]],false,244,1,0,0,0,3,0,9,1,2,1,0,0,0,1,0,0,0,0,2,3,0,2,0,0,0,5,10,0,false
C:\Users\h8men\OneDrive\Documentos\Cefet\TCC\kafka-streams-machine-learning-examples\h2o-gbm\src\main\java\com\github\megachucky\kafka\streams\machinelearning\models\deeplearning_fe7c1f02_08ec_4070_b784_c2531147e451.java,com.github.megachucky.kafka.streams.machinelearning.models.deeplearning_fe7c1f02_08ec_4070_b784_c2531147e451_Weight_1$deeplearning_fe7c1f02_08ec_4070_b784_c2531147e451_Weight_1_0,fill/1[float[]],false,679,1,1,1,0,1,0,3002,0,0,1,0,0,0,0,0,0,0,0,6000,3000,0,0,0,0,0,5,24,0,false
C:\Users\h8men\OneDrive\Documentos\Cefet\TCC\kafka-streams-machine-learning-examples\h2o-gbm\src\main\java\com\github\megachucky\kafka\streams\machinelearning\models\deeplearning_fe7c1f02_08ec_4070_b784_c2531147e451.java,com.github.megachucky.kafka.streams.machinelearning.models.deeplearning_fe7c1f02_08ec_4070_b784_c2531147e451_Weight_1$deeplearning_fe7c1f02_08ec_4070_b784_c2531147e451_Weight_1_1,fill/1[float[]],false,3683,1,1,1,0,1,0,3002,0,0,1,0,0,0,0,0,0,0,0,6000,3000,0,0,0,0,0,5,24,0,false
C:\Users\h8men\OneDrive\Documentos\Cefet\TCC\kafka-streams-machine-learning-examples\h2o-gbm\src\main\java\com\github\megachucky\kafka\streams\machinelearning\models\gbm_pojo_test.java,com.github.megachucky.kafka.streams.machinelearning.models.gbm_pojo_test_ColInfo_9,(initializer 3),false,122,1,2,0,2,1,1,3,0,0,0,1,0,0,0,0,0,0,0,0,0,0,0,0,0,0,6,8,0,false
C:\Users\h8men\OneDrive\Documentos\Cefet\TCC\kafka-streams-machine-learning-examples\h2o-gbm\src\main\java\com\github\megachucky\kafka\streams\machinelearning\models\deeplearning_fe7c1f02_08ec_4070_b784_c2531147e451.java,com.github.megachucky.kafka.streams.machinelearning.models.deeplearning_fe7c1f02_08ec_4070_b784_c2531147e451_Weight_1$deeplearning_fe7c1f02_08ec_4070_b784_c2531147e451_Weight_1_4,fill/1[float[]],false,12695,1,1,1,0,1,0,3002,0,0,1,0,0,0,0,0,0,0,0,6000,3000,0,0,0,0,0,4,24,0,false
C:\Users\h8men\OneDrive\Documentos\Cefet\TCC\kafka-streams-machine-learning-examples\h2o-gbm\src\main\java\com\github\megachucky\kafka\streams\machinelearning\models\gbm_pojo_test.java,com.github.megachucky.kafka.streams.machinelearning.models.gbm_pojo_test_ColInfo_6,(initializer 2),false,101,1,2,0,2,1,1,3,0,0,0,1,0,0,0,0,0,0,0,0,0,0,0,0,0,0,6,8,0,false
C:\Users\h8men\OneDrive\Documentos\Cefet\TCC\kafka-streams-machine-learning-examples\h2o-gbm\src\main\java\com\github\megachucky\kafka\streams\machinelearning\models\deeplearning_fe7c1f02_08ec_4070_b784_c2531147e451.java,com.github.megachucky.kafka.streams.machinelearning.models.deeplearning_fe7c1f02_08ec_4070_b784_c2531147e451_Weight_1$deeplearning_fe7c1f02_08ec_4070_b784_c2531147e451_Weight_1_5,fill/1[float[]],false,15699,1,1,1,0,1,0,3002,0,0,1,0,0,0,0,0,0,0,0,6000,3000,0,0,0,0,0,4,24,0,false
C:\Users\h8men\OneDrive\Documentos\Cefet\TCC\kafka-streams-machine-learning-examples\h2o-gbm\src\main\java\com\github\megachucky\kafka\streams\machinelearning\models\deeplearning_fe7c1f02_08ec_4070_b784_c2531147e451.java,com.github.megachucky.kafka.streams.machinelearning.models.deeplearning_fe7c1f02_08ec_4070_b784_c2531147e451_Weight_1$deeplearning_fe7c1f02_08ec_4070_b784_c2531147e451_Weight_1_2,fill/1[float[]],false,6687,1,1,1,0,1,0,3002,0,0,1,0,0,0,0,0,0,0,0,6000,3000,0,0,0,0,0,3,24,0,false
C:\Users\h8men\OneDrive\Documentos\Cefet\TCC\kafka-streams-machine-learning-examples\h2o-gbm\src\main\java\com\github\megachucky\kafka\streams\machinelearning\models\deeplearning_fe7c1f02_08ec_4070_b784_c2531147e451.java,com.github.megachucky.kafka.streams.machinelearning.models.deeplearning_fe7c1f02_08ec_4070_b784_c2531147e451_Weight_1$deeplearning_fe7c1f02_08ec_4070_b784_c2531147e451_Weight_1_3,fill/1[float[]],false,9691,1,1,1,0,1,0,3002,0,0,1,0,0,0,0,0,0,0,0,6000,3000,0,0,0,0,0,4,24,0,false
C:\Users\h8men\OneDrive\Documentos\Cefet\TCC\kafka-streams-machine-learning-examples\tensorflow-keras\src\test\java\com\github\megachucky\kafka\streams\machinelearning\test\Kafka_Streams_TensorFlow_Keras_Example_IntegrationTest.java,com.github.megachucky.kafka.streams.machinelearning.test.Kafka_Streams_TensorFlow_Keras_Example_IntegrationTest,startKafkaCluster/0,false,58,1,0,0,0,1,1,4,0,0,0,1,0,0,0,0,0,0,0,0,0,0,0,0,0,0,7,9,0,false
C:\Users\h8men\OneDrive\Documentos\Cefet\TCC\kafka-streams-machine-learning-examples\tensorflow-keras\src\test\java\com\github\megachucky\kafka\streams\machinelearning\test\Kafka_Streams_TensorFlow_Keras_Example_IntegrationTest.java,com.github.megachucky.kafka.streams.machinelearning.test.Kafka_Streams_TensorFlow_Keras_Example_IntegrationTest,shouldPredictValues/0,false,64,13,1,0,1,1,32,46,0,16,0,32,0,0,0,0,0,0,14,7,15,3,1,0,0,2,53,1,0,false
C:\Users\h8men\OneDrive\Documentos\Cefet\TCC\kafka-streams-machine-learning-examples\h2o-gbm\src\main\java\com\github\megachucky\kafka\streams\machinelearning\models\deeplearning_fe7c1f02_08ec_4070_b784_c2531147e451.java,com.github.megachucky.kafka.streams.machinelearning.models.deeplearning_fe7c1f02_08ec_4070_b784_c2531147e451_Weight_2$deeplearning_fe7c1f02_08ec_4070_b784_c2531147e451_Weight_2_13,fill/1[float[]],false,95427,1,1,1,0,1,0,1002,0,0,1,0,0,0,0,0,0,0,0,2000,1000,0,0,0,0,0,4,24,0,false
C:\Users\h8men\OneDrive\Documentos\Cefet\TCC\kafka-streams-machine-learning-examples\h2o-gbm\src\main\java\com\github\megachucky\kafka\streams\machinelearning\models\deeplearning_fe7c1f02_08ec_4070_b784_c2531147e451.java,com.github.megachucky.kafka.streams.machinelearning.models.deeplearning_fe7c1f02_08ec_4070_b784_c2531147e451_Weight_2$deeplearning_fe7c1f02_08ec_4070_b784_c2531147e451_Weight_2_10,fill/1[float[]],false,86415,1,1,1,0,1,0,3002,0,0,1,0,0,0,0,0,0,0,0,6000,3000,0,0,0,0,0,4,24,0,false
C:\Users\h8men\OneDrive\Documentos\Cefet\TCC\kafka-streams-machine-learning-examples\h2o-gbm\src\main\java\com\github\megachucky\kafka\streams\machinelearning\models\deeplearning_fe7c1f02_08ec_4070_b784_c2531147e451.java,com.github.megachucky.kafka.streams.machinelearning.models.deeplearning_fe7c1f02_08ec_4070_b784_c2531147e451_Weight_2$deeplearning_fe7c1f02_08ec_4070_b784_c2531147e451_Weight_2_12,fill/1[float[]],false,92423,1,1,1,0,1,0,3002,0,0,1,0,0,0,0,0,0,0,0,6000,3000,0,0,0,0,0,5,24,0,false
C:\Users\h8men\OneDrive\Documentos\Cefet\TCC\kafka-streams-machine-learning-examples\dl4j-deeplearning-iris\src\main\java\com\github\megachucky\kafka\streams\machinelearning\models\DeepLearning4J_CSV_Iris_Model.java,com.github.megachucky.kafka.streams.machinelearning.models.DeepLearning4J_CSV_Iris_Model,main/1[java.lang.String[]],false,36,19,0,0,0,2,33,41,0,24,1,33,0,0,1,0,0,0,6,21,24,3,1,0,0,0,77,9,2,false
C:\Users\h8men\OneDrive\Documentos\Cefet\TCC\kafka-streams-machine-learning-examples\h2o-gbm\src\main\java\com\github\megachucky\kafka\streams\machinelearning\models\deeplearning_fe7c1f02_08ec_4070_b784_c2531147e451.java,com.github.megachucky.kafka.streams.machinelearning.models.deeplearning_fe7c1f02_08ec_4070_b784_c2531147e451_Weight_2$deeplearning_fe7c1f02_08ec_4070_b784_c2531147e451_Weight_2_11,fill/1[float[]],false,89419,1,1,1,0,1,0,3002,0,0,1,0,0,0,0,0,0,0,0,6000,3000,0,0,0,0,0,4,24,0,false
C:\Users\h8men\OneDrive\Documentos\Cefet\TCC\kafka-streams-machine-learning-examples\h2o-gbm\src\main\java\com\github\megachucky\kafka\streams\machinelearning\models\gbm_pojo_test.java,com.github.megachucky.kafka.streams.machinelearning.models.gbm_pojo_test_ColInfo_11,(initializer 5),false,410,1,2,0,2,1,1,3,0,0,0,1,0,0,0,0,0,0,0,0,0,0,0,0,0,0,6,8,0,false
C:\Users\h8men\OneDrive\Documentos\Cefet\TCC\kafka-streams-machine-learning-examples\h2o-gbm\src\main\java\com\github\megachucky\kafka\streams\machinelearning\models\deeplearning_fe7c1f02_08ec_4070_b784_c2531147e451.java,com.github.megachucky.kafka.streams.machinelearning.models.deeplearning_fe7c1f02_08ec_4070_b784_c2531147e451_Bias_1,(initializer 3),false,219,1,2,0,2,1,1,3,0,0,0,1,0,0,0,0,0,0,0,0,0,0,0,0,0,0,6,8,0,false
C:\Users\h8men\OneDrive\Documentos\Cefet\TCC\kafka-streams-machine-learning-examples\h2o-gbm\src\main\java\com\github\megachucky\kafka\streams\machinelearning\models\gbm_pojo_test.java,com.github.megachucky.kafka.streams.machinelearning.models.gbm_pojo_test_ColInfo_10,(initializer 4),false,265,1,2,0,2,1,1,3,0,0,0,1,0,0,0,0,0,0,0,0,0,0,0,0,0,0,6,8,0,false
C:\Users\h8men\OneDrive\Documentos\Cefet\TCC\kafka-streams-machine-learning-examples\h2o-gbm\src\main\java\com\github\megachucky\kafka\streams\machinelearning\models\gbm_pojo_test.java,com.github.megachucky.kafka.streams.machinelearning.models.gbm_pojo_test_Tree_0_class_0,score0/1[double[]],false,427,1,1,1,0,80,3,4,1,1,1,3,0,0,0,0,0,50,0,213,1,0,0,0,0,0,3,24,0,false
C:\Users\h8men\OneDrive\Documentos\Cefet\TCC\kafka-streams-machine-learning-examples\h2o-gbm\src\main\java\com\github\megachucky\kafka\streams\machinelearning\models\deeplearning_fe7c1f02_08ec_4070_b784_c2531147e451.java,com.github.megachucky.kafka.streams.machinelearning.models.deeplearning_fe7c1f02_08ec_4070_b784_c2531147e451_Bias_2,(initializer 4),false,430,1,2,0,2,1,1,3,0,0,0,1,0,0,0,0,0,0,0,0,0,0,0,0,0,0,6,8,0,false
C:\Users\h8men\OneDrive\Documentos\Cefet\TCC\kafka-streams-machine-learning-examples\h2o-gbm\src\main\java\com\github\megachucky\kafka\streams\machinelearning\models\deeplearning_fe7c1f02_08ec_4070_b784_c2531147e451.java,com.github.megachucky.kafka.streams.machinelearning.models.deeplearning_fe7c1f02_08ec_4070_b784_c2531147e451_Bias_3,(initializer 5),false,641,1,2,0,2,1,1,3,0,0,0,1,0,0,0,0,0,0,0,0,0,0,0,0,0,0,6,8,0,false
C:\Users\h8men\OneDrive\Documentos\Cefet\TCC\kafka-streams-machine-learning-examples\h2o-gbm\src\main\java\com\github\megachucky\kafka\streams\machinelearning\Kafka_Streams_MachineLearning_H2O_DeepLearning_Example.java,com.github.megachucky.kafka.streams.machinelearning.Kafka_Streams_MachineLearning_H2O_DeepLearning_Example,main/1[java.lang.String[]],false,36,1,1,0,1,2,1,4,0,1,1,1,0,0,0,0,0,0,1,2,1,0,0,0,0,0,6,9,0,false
C:\Users\h8men\OneDrive\Documentos\Cefet\TCC\kafka-streams-machine-learning-examples\tensorflow-keras\src\test\java\com\github\jukkakarvanen\kafka\streams\integration\utils\TestEmbeddedKafkaCluster.java,TestEmbeddedKafkaCluster,"TestEmbeddedKafkaCluster/2[int,Properties]",true,26,0,0,0,0,1,0,3,0,0,2,0,0,0,0,0,0,0,0,0,0,0,0,0,0,0,6,1,0,false
C:\Users\h8men\OneDrive\Documentos\Cefet\TCC\kafka-streams-machine-learning-examples\tensorflow-keras\src\test\java\com\github\jukkakarvanen\kafka\streams\integration\utils\TestEmbeddedKafkaCluster.java,TestEmbeddedKafkaCluster,TestEmbeddedKafkaCluster/1[int],true,22,0,0,0,0,1,0,3,0,0,1,0,0,0,0,0,0,0,0,0,0,0,0,0,0,0,6,1,0,false
C:\Users\h8men\OneDrive\Documentos\Cefet\TCC\kafka-streams-machine-learning-examples\tensorflow-keras\src\test\java\com\github\jukkakarvanen\kafka\streams\integration\utils\TestEmbeddedKafkaCluster.java,TestEmbeddedKafkaCluster,after/0,false,38,0,0,0,0,2,2,8,0,0,0,2,1,0,0,0,1,0,1,0,0,0,1,0,0,0,10,1,1,false
C:\Users\h8men\OneDrive\Documentos\Cefet\TCC\kafka-streams-machine-learning-examples\tensorflow-keras\src\test\java\com\github\jukkakarvanen\kafka\streams\integration\utils\TestEmbeddedKafkaCluster.java,TestEmbeddedKafkaCluster,"TestEmbeddedKafkaCluster/4[int,Properties,long,long]",true,34,0,0,0,0,1,0,3,0,0,4,0,0,0,0,0,0,0,0,0,0,0,0,0,0,0,8,1,0,false
C:\Users\h8men\OneDrive\Documentos\Cefet\TCC\kafka-streams-machine-learning-examples\tensorflow-keras\src\test\java\com\github\jukkakarvanen\kafka\streams\integration\utils\TestEmbeddedKafkaCluster.java,TestEmbeddedKafkaCluster,"TestEmbeddedKafkaCluster/3[int,Properties,long]",true,30,0,0,0,0,1,0,3,0,0,3,0,0,0,0,0,0,0,0,0,0,0,0,0,0,0,8,1,0,false
C:\Users\h8men\OneDrive\Documentos\Cefet\TCC\kafka-streams-machine-learning-examples\dl4j-deeplearning-iris\src\test\java\com\github\jukkakarvanen\kafka\streams\integration\utils\TestKafkaStreams.java,com.github.jukkakarvanen.kafka.streams.integration.utils.TestKafkaStreams,"TestKafkaStreams/3[com.github.jukkakarvanen.kafka.streams.integration.utils.Topology,java.util.Properties,com.github.jukkakarvanen.kafka.streams.integration.utils.KafkaClientSupplier]",true,28,2,0,0,0,1,0,3,0,0,3,0,0,0,0,0,0,0,0,0,0,0,0,0,0,0,6,1,0,false
C:\Users\h8men\OneDrive\Documentos\Cefet\TCC\kafka-streams-machine-learning-examples\dl4j-deeplearning-iris\src\test\java\com\github\jukkakarvanen\kafka\streams\integration\utils\TestKafkaStreams.java,com.github.jukkakarvanen.kafka.streams.integration.utils.TestKafkaStreams,"TestKafkaStreams/4[com.github.jukkakarvanen.kafka.streams.integration.utils.Topology,java.util.Properties,com.github.jukkakarvanen.kafka.streams.integration.utils.KafkaClientSupplier,com.github.jukkakarvanen.kafka.streams.integration.utils.Time]",true,36,3,0,0,0,1,0,3,0,0,4,0,0,0,0,0,0,0,0,0,0,0,0,0,0,0,5,1,0,false
C:\Users\h8men\OneDrive\Documentos\Cefet\TCC\kafka-streams-machine-learning-examples\dl4j-deeplearning-iris\src\test\java\com\github\jukkakarvanen\kafka\streams\integration\utils\TestKafkaStreams.java,com.github.jukkakarvanen.kafka.streams.integration.utils.TestKafkaStreams,"TestKafkaStreams/2[com.github.jukkakarvanen.kafka.streams.integration.utils.Topology,java.util.Properties]",true,24,1,2,2,0,1,0,3,0,0,2,0,0,0,0,0,0,0,0,0,0,0,0,0,0,0,5,1,0,false
C:\Users\h8men\OneDrive\Documentos\Cefet\TCC\kafka-streams-machine-learning-examples\dl4j-deeplearning-iris\src\test\java\com\github\jukkakarvanen\kafka\streams\integration\utils\TestKafkaStreams.java,com.github.jukkakarvanen.kafka.streams.integration.utils.TestKafkaStreams,"TestKafkaStreams/3[com.github.jukkakarvanen.kafka.streams.integration.utils.Topology,java.util.Properties,com.github.jukkakarvanen.kafka.streams.integration.utils.Time]",true,32,2,0,0,0,1,0,3,0,0,3,0,0,0,0,0,0,0,0,0,0,0,0,0,0,0,5,1,0,false
C:\Users\h8men\OneDrive\Documentos\Cefet\TCC\kafka-streams-machine-learning-examples\dl4j-deeplearning-iris\src\test\java\com\github\jukkakarvanen\kafka\streams\integration\utils\TestKafkaStreams.java,com.github.jukkakarvanen.kafka.streams.integration.utils.TestKafkaStreams,cleanUp/0,false,40,0,0,0,0,2,2,8,0,0,0,2,0,0,0,0,1,0,1,0,0,0,1,0,0,0,11,1,1,false
C:\Users\h8men\OneDrive\Documentos\Cefet\TCC\kafka-streams-machine-learning-examples\h2o-gbm\src\main\java\com\github\megachucky\kafka\streams\machinelearning\models\gbm_pojo_test.java,com.github.megachucky.kafka.streams.machinelearning.models.gbm_pojo_test_Forest_7,"score0/2[double[],double[]]",false,1223,2,2,1,1,1,1,3,0,0,2,1,0,0,0,0,0,0,0,1,1,0,0,0,0,0,3,9,0,false
C:\Users\h8men\OneDrive\Documentos\Cefet\TCC\kafka-streams-machine-learning-examples\h2o-gbm\src\main\java\com\github\megachucky\kafka\streams\machinelearning\models\gbm_pojo_test.java,com.github.megachucky.kafka.streams.machinelearning.models.gbm_pojo_test_Forest_6,"score0/2[double[],double[]]",false,1104,2,2,1,1,1,1,3,0,0,2,1,0,0,0,0,0,0,0,1,1,0,0,0,0,0,3,9,0,false
C:\Users\h8men\OneDrive\Documentos\Cefet\TCC\kafka-streams-machine-learning-examples\h2o-gbm\src\main\java\com\github\megachucky\kafka\streams\machinelearning\models\gbm_pojo_test.java,com.github.megachucky.kafka.streams.machinelearning.models.gbm_pojo_test_Tree_9_class_0,score0/1[double[]],false,1458,1,1,1,0,85,3,4,1,1,1,3,0,0,0,0,0,52,0,222,1,0,0,0,0,0,3,24,0,false
C:\Users\h8men\OneDrive\Documentos\Cefet\TCC\kafka-streams-machine-learning-examples\h2o-gbm\src\main\java\com\github\megachucky\kafka\streams\machinelearning\models\gbm_pojo_test.java,com.github.megachucky.kafka.streams.machinelearning.models.gbm_pojo_test_Forest_5,"score0/2[double[],double[]]",false,989,2,2,1,1,1,1,3,0,0,2,1,0,0,0,0,0,0,0,1,1,0,0,0,0,0,3,9,0,false
C:\Users\h8men\OneDrive\Documentos\Cefet\TCC\kafka-streams-machine-learning-examples\h2o-gbm\src\main\java\com\github\megachucky\kafka\streams\machinelearning\models\gbm_pojo_test.java,com.github.megachucky.kafka.streams.machinelearning.models.gbm_pojo_test_Forest_4,"score0/2[double[],double[]]",false,872,2,2,1,1,1,1,3,0,0,2,1,0,0,0,0,0,0,0,1,1,0,0,0,0,0,3,9,0,false
C:\Users\h8men\OneDrive\Documentos\Cefet\TCC\kafka-streams-machine-learning-examples\h2o-gbm\src\main\java\com\github\megachucky\kafka\streams\machinelearning\models\gbm_pojo_test.java,com.github.megachucky.kafka.streams.machinelearning.models.gbm_pojo_test_Forest_3,"score0/2[double[],double[]]",false,757,2,2,1,1,1,1,3,0,0,2,1,0,0,0,0,0,0,0,1,1,0,0,0,0,0,3,9,0,false
C:\Users\h8men\OneDrive\Documentos\Cefet\TCC\kafka-streams-machine-learning-examples\h2o-gbm\src\main\java\com\github\megachucky\kafka\streams\machinelearning\models\gbm_pojo_test.java,com.github.megachucky.kafka.streams.machinelearning.models.gbm_pojo_test_Forest_2,"score0/2[double[],double[]]",false,642,2,2,1,1,1,1,3,0,0,2,1,0,0,0,0,0,0,0,1,1,0,0,0,0,0,3,9,0,false
C:\Users\h8men\OneDrive\Documentos\Cefet\TCC\kafka-streams-machine-learning-examples\h2o-gbm\src\main\java\com\github\megachucky\kafka\streams\machinelearning\models\gbm_pojo_test.java,com.github.megachucky.kafka.streams.machinelearning.models.gbm_pojo_test_Forest_1,"score0/2[double[],double[]]",false,535,2,2,1,1,1,1,3,0,0,2,1,0,0,0,0,0,0,0,1,1,0,0,0,0,0,3,9,0,false
C:\Users\h8men\OneDrive\Documentos\Cefet\TCC\kafka-streams-machine-learning-examples\h2o-gbm\src\main\java\com\github\megachucky\kafka\streams\machinelearning\models\gbm_pojo_test.java,com.github.megachucky.kafka.streams.machinelearning.models.gbm_pojo_test_Forest_0,"score0/2[double[],double[]]",false,422,2,2,1,1,1,1,3,0,0,2,1,0,0,0,0,0,0,0,1,1,0,0,0,0,0,3,9,0,false
C:\Users\h8men\OneDrive\Documentos\Cefet\TCC\kafka-streams-machine-learning-examples\h2o-gbm\src\main\java\com\github\megachucky\kafka\streams\machinelearning\models\gbm_pojo_test.java,com.github.megachucky.kafka.streams.machinelearning.models.NamesHolder_gbm_pojo_test,(initializer 1),false,79,1,2,0,2,1,1,3,0,0,0,1,0,0,0,0,0,0,0,0,0,0,0,0,0,0,6,8,0,false
C:\Users\h8men\OneDrive\Documentos\Cefet\TCC\kafka-streams-machine-learning-examples\h2o-gbm\src\main\java\com\github\megachucky\kafka\streams\machinelearning\models\gbm_pojo_test.java,com.github.megachucky.kafka.streams.machinelearning.models.gbm_pojo_test_Forest_9,"score0/2[double[],double[]]",false,1453,2,2,1,1,1,1,3,0,0,2,1,0,0,0,0,0,0,0,1,1,0,0,0,0,0,3,9,0,false
C:\Users\h8men\OneDrive\Documentos\Cefet\TCC\kafka-streams-machine-learning-examples\h2o-gbm\src\main\java\com\github\megachucky\kafka\streams\machinelearning\models\gbm_pojo_test.java,com.github.megachucky.kafka.streams.machinelearning.models.gbm_pojo_test_Forest_8,"score0/2[double[],double[]]",false,1336,2,2,1,1,1,1,3,0,0,2,1,0,0,0,0,0,0,0,1,1,0,0,0,0,0,3,9,0,false
C:\Users\h8men\OneDrive\Documentos\Cefet\TCC\kafka-streams-machine-learning-examples\h2o-gbm\src\main\java\com\github\megachucky\kafka\streams\machinelearning\models\gbm_pojo_test.java,com.github.megachucky.kafka.streams.machinelearning.models.gbm_pojo_test_Tree_5_class_0,score0/1[double[]],false,994,1,1,1,0,82,3,4,1,1,1,3,0,0,0,0,0,51,0,212,1,0,0,0,0,0,4,24,0,false
C:\Users\h8men\OneDrive\Documentos\Cefet\TCC\kafka-streams-machine-learning-examples\h2o-gbm\src\main\java\com\github\megachucky\kafka\streams\machinelearning\models\deeplearning_fe7c1f02_08ec_4070_b784_c2531147e451.java,com.github.megachucky.kafka.streams.machinelearning.models.deeplearning_fe7c1f02_08ec_4070_b784_c2531147e451_Weight_1$deeplearning_fe7c1f02_08ec_4070_b784_c2531147e451_Weight_1_18,fill/1[float[]],false,54751,1,1,1,0,1,0,1602,0,0,1,0,0,0,0,0,0,0,0,3200,1600,0,0,0,0,0,4,24,0,false
C:\Users\h8men\OneDrive\Documentos\Cefet\TCC\kafka-streams-machine-learning-examples\tensorflow-image-recognition\src\main\java\com\github\megachucky\kafka\streams\machinelearning\Kafka_Streams_TensorFlow_Image_Recognition_Example.java,com.github.megachucky.kafka.streams.machinelearning.Kafka_Streams_TensorFlow_Image_Recognition_Example,constructAndExecuteGraphToNormalizeImage/1[byte[]],false,148,7,8,0,8,1,13,14,1,9,1,13,0,0,0,0,2,0,5,7,9,0,2,0,0,0,24,10,0,false
C:\Users\h8men\OneDrive\Documentos\Cefet\TCC\kafka-streams-machine-learning-examples\tensorflow-image-recognition\src\main\java\com\github\megachucky\kafka\streams\machinelearning\Kafka_Streams_TensorFlow_Image_Recognition_Example.java,com.github.megachucky.kafka.streams.machinelearning.Kafka_Streams_TensorFlow_Image_Recognition_Example,maxIndex/1[float[]],false,206,1,0,0,0,3,0,9,1,2,1,0,0,0,1,0,0,0,0,2,3,0,2,0,0,0,5,10,0,false
C:\Users\h8men\OneDrive\Documentos\Cefet\TCC\kafka-streams-machine-learning-examples\tensorflow-image-recognition\src\main\java\com\github\megachucky\kafka\streams\machinelearning\Kafka_Streams_TensorFlow_Image_Recognition_Example.java,com.github.megachucky.kafka.streams.machinelearning.Kafka_Streams_TensorFlow_Image_Recognition_Example,getStreamTopology/0,false,80,6,2,2,0,2,17,33,2,17,0,17,0,0,0,0,2,0,9,2,18,3,3,0,0,1,59,8,0,false
C:\Users\h8men\OneDrive\Documentos\Cefet\TCC\kafka-streams-machine-learning-examples\tensorflow-image-recognition\src\main\java\com\github\megachucky\kafka\streams\machinelearning\Kafka_Streams_TensorFlow_Image_Recognition_Example.java,com.github.megachucky.kafka.streams.machinelearning.Kafka_Streams_TensorFlow_Image_Recognition_Example,getStreamConfiguration/1[java.lang.String],false,63,0,2,2,0,1,4,8,1,1,1,4,0,0,0,0,0,0,1,0,1,0,0,0,0,0,10,8,0,false
C:\Users\h8men\OneDrive\Documentos\Cefet\TCC\kafka-streams-machine-learning-examples\tensorflow-image-recognition\src\main\java\com\github\megachucky\kafka\streams\machinelearning\Kafka_Streams_TensorFlow_Image_Recognition_Example.java,com.github.megachucky.kafka.streams.machinelearning.Kafka_Streams_TensorFlow_Image_Recognition_Example,main/1[java.lang.String[]],false,39,3,2,0,2,2,7,11,0,4,1,7,2,1,0,0,0,0,4,2,4,1,0,0,0,0,23,9,0,false
C:\Users\h8men\OneDrive\Documentos\Cefet\TCC\kafka-streams-machine-learning-examples\tensorflow-image-recognition\src\main\java\com\github\megachucky\kafka\streams\machinelearning\Kafka_Streams_TensorFlow_Image_Recognition_Example.java,com.github.megachucky.kafka.streams.machinelearning.Kafka_Streams_TensorFlow_Image_Recognition_Example,"executeInceptionGraph/2[byte[],com.github.megachucky.kafka.streams.machinelearning.Tensor]",false,183,6,0,0,0,3,11,13,1,5,2,11,0,0,0,2,2,0,3,7,5,0,3,0,0,0,33,10,0,false
C:\Users\h8men\OneDrive\Documentos\Cefet\TCC\kafka-streams-machine-learning-examples\h2o-gbm\src\main\java\com\github\megachucky\kafka\streams\machinelearning\models\deeplearning_fe7c1f02_08ec_4070_b784_c2531147e451.java,com.github.megachucky.kafka.streams.machinelearning.models.deeplearning_fe7c1f02_08ec_4070_b784_c2531147e451_Weight_1$deeplearning_fe7c1f02_08ec_4070_b784_c2531147e451_Weight_1_17,fill/1[float[]],false,51747,1,1,1,0,1,0,3002,0,0,1,0,0,0,0,0,0,0,0,6000,3000,0,0,0,0,0,4,24,0,false
C:\Users\h8men\OneDrive\Documentos\Cefet\TCC\kafka-streams-machine-learning-examples\h2o-gbm\src\main\java\com\github\megachucky\kafka\streams\machinelearning\models\deeplearning_fe7c1f02_08ec_4070_b784_c2531147e451.java,com.github.megachucky.kafka.streams.machinelearning.models.deeplearning_fe7c1f02_08ec_4070_b784_c2531147e451_Weight_1$deeplearning_fe7c1f02_08ec_4070_b784_c2531147e451_Weight_1_14,fill/1[float[]],false,42735,1,1,1,0,1,0,3002,0,0,1,0,0,0,0,0,0,0,0,6000,3000,0,0,0,0,0,4,24,0,false
C:\Users\h8men\OneDrive\Documentos\Cefet\TCC\kafka-streams-machine-learning-examples\h2o-gbm\src\main\java\com\github\megachucky\kafka\streams\machinelearning\models\deeplearning_fe7c1f02_08ec_4070_b784_c2531147e451.java,com.github.megachucky.kafka.streams.machinelearning.models.deeplearning_fe7c1f02_08ec_4070_b784_c2531147e451_Weight_1$deeplearning_fe7c1f02_08ec_4070_b784_c2531147e451_Weight_1_13,fill/1[float[]],false,39731,1,1,1,0,1,0,3002,0,0,1,0,0,0,0,0,0,0,0,6000,3000,0,0,0,0,0,4,24,0,false
C:\Users\h8men\OneDrive\Documentos\Cefet\TCC\kafka-streams-machine-learning-examples\h2o-gbm\src\main\java\com\github\megachucky\kafka\streams\machinelearning\models\gbm_pojo_test.java,com.github.megachucky.kafka.streams.machinelearning.models.gbm_pojo_test,nfeatures/0,false,22,0,0,0,0,1,0,3,1,0,0,0,0,0,0,0,0,0,0,1,0,0,0,0,0,0,1,1,0,false
C:\Users\h8men\OneDrive\Documentos\Cefet\TCC\kafka-streams-machine-learning-examples\h2o-gbm\src\main\java\com\github\megachucky\kafka\streams\machinelearning\models\gbm_pojo_test.java,com.github.megachucky.kafka.streams.machinelearning.models.gbm_pojo_test,"score0/2[double[],double[]]",false,57,11,10,0,10,1,14,18,1,0,2,14,0,0,0,0,0,2,0,14,4,4,0,0,0,0,2,17,0,false
C:\Users\h8men\OneDrive\Documentos\Cefet\TCC\kafka-streams-machine-learning-examples\h2o-gbm\src\main\java\com\github\megachucky\kafka\streams\machinelearning\models\gbm_pojo_test.java,com.github.megachucky.kafka.streams.machinelearning.models.gbm_pojo_test,getUUID/0,false,51,0,0,0,0,1,1,3,1,0,0,1,0,0,0,0,0,0,0,1,0,0,0,0,0,0,6,1,0,false
C:\Users\h8men\OneDrive\Documentos\Cefet\TCC\kafka-streams-machine-learning-examples\h2o-gbm\src\main\java\com\github\megachucky\kafka\streams\machinelearning\models\gbm_pojo_test.java,com.github.megachucky.kafka.streams.machinelearning.models.gbm_pojo_test,nclasses/0,false,23,0,0,0,0,1,0,3,1,0,0,0,0,0,0,0,0,0,0,1,0,0,0,0,0,0,1,1,0,false
C:\Users\h8men\OneDrive\Documentos\Cefet\TCC\kafka-streams-machine-learning-examples\h2o-gbm\src\main\java\com\github\megachucky\kafka\streams\machinelearning\models\gbm_pojo_test.java,com.github.megachucky.kafka.streams.machinelearning.models.gbm_pojo_test,isSupervised/0,false,21,0,0,0,0,1,0,3,1,0,0,0,0,0,0,0,0,0,0,0,0,0,0,0,0,0,3,1,0,false
C:\Users\h8men\OneDrive\Documentos\Cefet\TCC\kafka-streams-machine-learning-examples\h2o-gbm\src\main\java\com\github\megachucky\kafka\streams\machinelearning\models\gbm_pojo_test.java,com.github.megachucky.kafka.streams.machinelearning.models.gbm_pojo_test,gbm_pojo_test/0,true,50,0,0,0,0,1,0,3,0,0,0,0,0,0,0,0,0,0,0,0,0,0,0,0,0,0,3,1,0,false
C:\Users\h8men\OneDrive\Documentos\Cefet\TCC\kafka-streams-machine-learning-examples\h2o-gbm\src\main\java\com\github\megachucky\kafka\streams\machinelearning\models\gbm_pojo_test.java,com.github.megachucky.kafka.streams.machinelearning.models.gbm_pojo_test,getModelCategory/0,false,19,1,0,0,0,1,0,3,1,0,0,0,0,0,0,0,0,0,0,0,0,0,0,0,0,0,3,1,0,false
C:\Users\h8men\OneDrive\Documentos\Cefet\TCC\kafka-streams-machine-learning-examples\h2o-gbm\src\main\java\com\github\megachucky\kafka\streams\machinelearning\models\deeplearning_fe7c1f02_08ec_4070_b784_c2531147e451.java,com.github.megachucky.kafka.streams.machinelearning.models.deeplearning_fe7c1f02_08ec_4070_b784_c2531147e451_Weight_1$deeplearning_fe7c1f02_08ec_4070_b784_c2531147e451_Weight_1_16,fill/1[float[]],false,48743,1,1,1,0,1,0,3002,0,0,1,0,0,0,0,0,0,0,0,6000,3000,0,0,0,0,0,4,24,0,false
C:\Users\h8men\OneDrive\Documentos\Cefet\TCC\kafka-streams-machine-learning-examples\h2o-gbm\src\main\java\com\github\megachucky\kafka\streams\machinelearning\models\gbm_pojo_test.java,com.github.megachucky.kafka.streams.machinelearning.models.gbm_pojo_test_Tree_1_class_0,score0/1[double[]],false,540,1,1,1,0,72,3,4,1,1,1,3,0,0,0,0,0,47,0,190,1,0,0,0,0,0,4,24,0,false
C:\Users\h8men\OneDrive\Documentos\Cefet\TCC\kafka-streams-machine-learning-examples\h2o-gbm\src\main\java\com\github\megachucky\kafka\streams\machinelearning\models\deeplearning_fe7c1f02_08ec_4070_b784_c2531147e451.java,com.github.megachucky.kafka.streams.machinelearning.models.deeplearning_fe7c1f02_08ec_4070_b784_c2531147e451_Weight_1$deeplearning_fe7c1f02_08ec_4070_b784_c2531147e451_Weight_1_15,fill/1[float[]],false,45739,1,1,1,0,1,0,3002,0,0,1,0,0,0,0,0,0,0,0,6000,3000,0,0,0,0,0,4,24,0,false
C:\Users\h8men\OneDrive\Documentos\Cefet\TCC\kafka-streams-machine-learning-examples\h2o-gbm\src\main\java\com\github\megachucky\kafka\streams\machinelearning\models\deeplearning_fe7c1f02_08ec_4070_b784_c2531147e451.java,com.github.megachucky.kafka.streams.machinelearning.models.deeplearning_fe7c1f02_08ec_4070_b784_c2531147e451_Weight_1$deeplearning_fe7c1f02_08ec_4070_b784_c2531147e451_Weight_1_10,fill/1[float[]],false,30719,1,1,1,0,1,0,3002,0,0,1,0,0,0,0,0,0,0,0,6000,3000,0,0,0,0,0,5,24,0,false
C:\Users\h8men\OneDrive\Documentos\Cefet\TCC\kafka-streams-machine-learning-examples\h2o-gbm\src\main\java\com\github\megachucky\kafka\streams\machinelearning\models\deeplearning_fe7c1f02_08ec_4070_b784_c2531147e451.java,com.github.megachucky.kafka.streams.machinelearning.models.NamesHolder_deeplearning_fe7c1f02_08ec_4070_b784_c2531147e451$NamesHolder_deeplearning_fe7c1f02_08ec_4070_b784_c2531147e451_0,fill/1[java.lang.String[]],false,96849,0,1,1,0,1,0,14,0,0,1,0,0,0,0,0,0,0,12,12,12,0,0,0,0,0,2,24,0,false
C:\Users\h8men\OneDrive\Documentos\Cefet\TCC\kafka-streams-machine-learning-examples\h2o-gbm\src\main\java\com\github\megachucky\kafka\streams\machinelearning\models\deeplearning_fe7c1f02_08ec_4070_b784_c2531147e451.java,com.github.megachucky.kafka.streams.machinelearning.models.deeplearning_fe7c1f02_08ec_4070_b784_c2531147e451_Weight_1$deeplearning_fe7c1f02_08ec_4070_b784_c2531147e451_Weight_1_12,fill/1[float[]],false,36727,1,1,1,0,1,0,3002,0,0,1,0,0,0,0,0,0,0,0,6000,3000,0,0,0,0,0,5,24,0,false
C:\Users\h8men\OneDrive\Documentos\Cefet\TCC\kafka-streams-machine-learning-examples\h2o-gbm\src\main\java\com\github\megachucky\kafka\streams\machinelearning\models\deeplearning_fe7c1f02_08ec_4070_b784_c2531147e451.java,com.github.megachucky.kafka.streams.machinelearning.models.deeplearning_fe7c1f02_08ec_4070_b784_c2531147e451_Weight_1$deeplearning_fe7c1f02_08ec_4070_b784_c2531147e451_Weight_1_11,fill/1[float[]],false,33723,1,1,1,0,1,0,3002,0,0,1,0,0,0,0,0,0,0,0,6000,3000,0,0,0,0,0,4,24,0,false
C:\Users\h8men\OneDrive\Documentos\Cefet\TCC\kafka-streams-machine-learning-examples\h2o-gbm\src\test\java\com\github\megachucky\kafka\streams\machinelearning\Kafka_Streams_MachineLearning_H2O_GBM_Example_IntegrationTest.java,com.github.megachucky.kafka.streams.machinelearning.Kafka_Streams_MachineLearning_H2O_GBM_Example_IntegrationTest,startKafkaCluster/0,false,65,1,0,0,0,1,1,4,0,0,0,1,0,0,0,0,0,0,0,0,0,0,0,0,0,0,7,9,0,false
C:\Users\h8men\OneDrive\Documentos\Cefet\TCC\kafka-streams-machine-learning-examples\h2o-gbm\src\test\java\com\github\megachucky\kafka\streams\machinelearning\Kafka_Streams_MachineLearning_H2O_GBM_Example_IntegrationTest.java,com.github.megachucky.kafka.streams.machinelearning.Kafka_Streams_MachineLearning_H2O_GBM_Example_IntegrationTest,shouldPredictFlightDelay/0,false,71,13,0,0,0,6,32,76,0,18,0,32,0,0,1,1,1,0,29,16,17,4,4,0,0,2,68,1,0,false
C:\Users\h8men\OneDrive\Documentos\Cefet\TCC\kafka-streams-machine-learning-examples\h2o-gbm\src\main\java\com\github\megachucky\kafka\streams\machinelearning\models\deeplearning_fe7c1f02_08ec_4070_b784_c2531147e451.java,com.github.megachucky.kafka.streams.machinelearning.models.NamesHolder_deeplearning_fe7c1f02_08ec_4070_b784_c2531147e451,(initializer 9),false,96845,1,1,0,1,1,1,3,0,0,0,1,0,0,0,0,0,0,0,0,0,0,0,0,0,0,6,8,0,false
C:\Users\h8men\OneDrive\Documentos\Cefet\TCC\kafka-streams-machine-learning-examples\h2o-gbm\src\main\java\com\github\megachucky\kafka\streams\machinelearning\models\gbm_pojo_test.java,com.github.megachucky.kafka.streams.machinelearning.models.gbm_pojo_test_ColInfo_9$gbm_pojo_test_ColInfo_9_0,fill/1[java.lang.String[]],false,126,0,1,1,0,1,0,134,0,0,1,0,0,0,0,0,0,0,132,132,132,0,0,0,0,0,2,24,0,false
C:\Users\h8men\OneDrive\Documentos\Cefet\TCC\kafka-streams-machine-learning-examples\h2o-gbm\src\main\java\com\github\megachucky\kafka\streams\machinelearning\models\gbm_pojo_test.java,com.github.megachucky.kafka.streams.machinelearning.models.NamesHolder_gbm_pojo_test$NamesHolder_gbm_pojo_test_0,fill/1[java.lang.String[]],false,83,0,1,1,0,1,0,13,0,0,1,0,0,0,0,0,0,0,11,11,11,0,0,0,0,0,2,24,0,false
C:\Users\h8men\OneDrive\Documentos\Cefet\TCC\kafka-streams-machine-learning-examples\h2o-gbm\src\main\java\com\github\megachucky\kafka\streams\machinelearning\models\deeplearning_fe7c1f02_08ec_4070_b784_c2531147e451.java,com.github.megachucky.kafka.streams.machinelearning.models.deeplearning_fe7c1f02_08ec_4070_b784_c2531147e451$NORMSUB$NORMSUB_0,fill/1[double[]],false,59,1,1,1,0,1,0,12,0,0,1,0,0,0,0,0,0,0,0,20,10,0,0,0,0,0,2,24,0,false
C:\Users\h8men\OneDrive\Documentos\Cefet\TCC\kafka-streams-machine-learning-examples\h2o-gbm\src\main\java\com\github\megachucky\kafka\streams\machinelearning\models\deeplearning_fe7c1f02_08ec_4070_b784_c2531147e451.java,com.github.megachucky.kafka.streams.machinelearning.models.deeplearning_fe7c1f02_08ec_4070_b784_c2531147e451$NORMSUB,(initializer 2),false,55,1,2,0,2,1,1,3,0,0,0,1,0,0,0,0,0,0,0,0,0,0,0,0,0,0,6,8,0,false
C:\Users\h8men\OneDrive\Documentos\Cefet\TCC\kafka-streams-machine-learning-examples\dl4j-deeplearning-iris\src\main\java\com\github\megachucky\kafka\streams\machinelearning\models\DeepLearning4J_CSV_Model_Inference.java,com.github.megachucky.kafka.streams.machinelearning.models.DeepLearning4J_CSV_Model_Inference,main/1[java.lang.String[]],false,38,3,0,0,0,1,5,7,0,4,1,5,0,0,0,0,0,0,2,4,4,1,0,0,0,0,22,9,0,false
C:\Users\h8men\OneDrive\Documentos\Cefet\TCC\kafka-streams-machine-learning-examples\h2o-gbm\src\main\java\com\github\megachucky\kafka\streams\machinelearning\models\deeplearning_fe7c1f02_08ec_4070_b784_c2531147e451.java,com.github.megachucky.kafka.streams.machinelearning.models.deeplearning_fe7c1f02_08ec_4070_b784_c2531147e451_ColInfo_12,(initializer 12),false,97156,1,1,0,1,1,1,3,0,0,0,1,0,0,0,0,0,0,0,0,0,0,0,0,0,0,6,8,0,false
C:\Users\h8men\OneDrive\Documentos\Cefet\TCC\kafka-streams-machine-learning-examples\h2o-gbm\src\main\java\com\github\megachucky\kafka\streams\machinelearning\models\gbm_pojo_test.java,com.github.megachucky.kafka.streams.machinelearning.models.gbm_pojo_test_ColInfo_11$gbm_pojo_test_ColInfo_11_0,fill/1[java.lang.String[]],false,414,0,1,1,0,1,0,4,0,0,1,0,0,0,0,0,0,0,2,2,2,0,0,0,0,0,2,24,0,false
C:\Users\h8men\OneDrive\Documentos\Cefet\TCC\kafka-streams-machine-learning-examples\h2o-gbm\src\main\java\com\github\megachucky\kafka\streams\machinelearning\models\gbm_pojo_test.java,com.github.megachucky.kafka.streams.machinelearning.models.gbm_pojo_test_Tree_6_class_0,score0/1[double[]],false,1109,1,1,1,0,89,3,4,1,1,1,3,0,0,0,0,0,53,0,235,1,0,0,0,0,0,3,24,0,false
C:\Users\h8men\OneDrive\Documentos\Cefet\TCC\kafka-streams-machine-learning-examples\tensorflow-keras\src\test\java\com\github\jukkakarvanen\kafka\streams\integration\utils\TestKafkaStreams.java,TestKafkaStreams,"TestKafkaStreams/2[Topology,Properties]",true,24,0,0,0,0,1,0,3,0,0,2,0,0,0,0,0,0,0,0,0,0,0,0,0,0,0,5,1,0,false
C:\Users\h8men\OneDrive\Documentos\Cefet\TCC\kafka-streams-machine-learning-examples\tensorflow-keras\src\test\java\com\github\jukkakarvanen\kafka\streams\integration\utils\TestKafkaStreams.java,TestKafkaStreams,"TestKafkaStreams/3[Topology,Properties,Time]",true,32,0,0,0,0,1,0,3,0,0,3,0,0,0,0,0,0,0,0,0,0,0,0,0,0,0,5,1,0,false
C:\Users\h8men\OneDrive\Documentos\Cefet\TCC\kafka-streams-machine-learning-examples\tensorflow-keras\src\test\java\com\github\jukkakarvanen\kafka\streams\integration\utils\TestKafkaStreams.java,TestKafkaStreams,cleanUp/0,false,40,0,0,0,0,2,2,8,0,0,0,2,1,0,0,0,1,0,1,0,0,0,1,0,0,0,11,1,1,false
C:\Users\h8men\OneDrive\Documentos\Cefet\TCC\kafka-streams-machine-learning-examples\tensorflow-keras\src\test\java\com\github\jukkakarvanen\kafka\streams\integration\utils\TestKafkaStreams.java,TestKafkaStreams,"TestKafkaStreams/3[Topology,Properties,KafkaClientSupplier]",true,28,0,0,0,0,1,0,3,0,0,3,0,0,0,0,0,0,0,0,0,0,0,0,0,0,0,6,1,0,false
C:\Users\h8men\OneDrive\Documentos\Cefet\TCC\kafka-streams-machine-learning-examples\tensorflow-keras\src\test\java\com\github\jukkakarvanen\kafka\streams\integration\utils\TestKafkaStreams.java,TestKafkaStreams,"TestKafkaStreams/4[Topology,Properties,KafkaClientSupplier,Time]",true,36,0,0,0,0,1,0,3,0,0,4,0,0,0,0,0,0,0,0,0,0,0,0,0,0,0,5,1,0,false
C:\Users\h8men\OneDrive\Documentos\Cefet\TCC\kafka-streams-machine-learning-examples\h2o-gbm\src\main\java\com\github\megachucky\kafka\streams\machinelearning\models\gbm_pojo_test.java,com.github.megachucky.kafka.streams.machinelearning.models.gbm_pojo_test_Tree_2_class_0,score0/1[double[]],false,647,1,1,1,0,80,3,4,1,1,1,3,0,0,0,0,0,51,0,210,1,0,0,0,0,0,3,24,0,false
C:\Users\h8men\OneDrive\Documentos\Cefet\TCC\kafka-streams-machine-learning-examples\h2o-gbm\src\main\java\com\github\megachucky\kafka\streams\machinelearning\models\deeplearning_fe7c1f02_08ec_4070_b784_c2531147e451.java,com.github.megachucky.kafka.streams.machinelearning.models.deeplearning_fe7c1f02_08ec_4070_b784_c2531147e451_ColInfo_0$deeplearning_fe7c1f02_08ec_4070_b784_c2531147e451_ColInfo_0_0,fill/1[java.lang.String[]],false,96872,0,1,1,0,1,0,136,0,0,1,0,0,0,0,0,0,0,134,134,134,0,0,0,0,0,2,24,0,false
C:\Users\h8men\OneDrive\Documentos\Cefet\TCC\kafka-streams-machine-learning-examples\h2o-gbm\src\test\java\com\github\megachucky\kafka\streams\machinelearning\Kafka_Streams_MachineLearning_H2O_DeepLearning_ExampleTest.java,com.github.megachucky.kafka.streams.machinelearning.Kafka_Streams_MachineLearning_H2O_DeepLearning_ExampleTest,tearDown/0,false,47,1,0,0,0,2,3,8,0,0,0,3,0,0,0,0,1,0,1,0,0,1,1,0,0,0,10,1,0,false
C:\Users\h8men\OneDrive\Documentos\Cefet\TCC\kafka-streams-machine-learning-examples\h2o-gbm\src\test\java\com\github\megachucky\kafka\streams\machinelearning\Kafka_Streams_MachineLearning_H2O_DeepLearning_ExampleTest.java,com.github.megachucky.kafka.streams.machinelearning.Kafka_Streams_MachineLearning_H2O_DeepLearning_ExampleTest,testList/0,false,85,3,1,0,1,1,10,7,0,3,0,10,1,1,0,0,0,0,4,2,2,0,0,0,0,1,24,1,0,true
C:\Users\h8men\OneDrive\Documentos\Cefet\TCC\kafka-streams-machine-learning-examples\h2o-gbm\src\test\java\com\github\megachucky\kafka\streams\machinelearning\Kafka_Streams_MachineLearning_H2O_DeepLearning_ExampleTest.java,com.github.megachucky.kafka.streams.machinelearning.Kafka_Streams_MachineLearning_H2O_DeepLearning_ExampleTest,setup/0,false,37,3,2,0,2,1,2,3,0,0,0,2,0,0,0,0,0,0,1,0,1,0,0,0,0,0,7,1,0,false
C:\Users\h8men\OneDrive\Documentos\Cefet\TCC\kafka-streams-machine-learning-examples\h2o-gbm\src\test\java\com\github\megachucky\kafka\streams\machinelearning\Kafka_Streams_MachineLearning_H2O_DeepLearning_ExampleTest.java,com.github.megachucky.kafka.streams.machinelearning.Kafka_Streams_MachineLearning_H2O_DeepLearning_ExampleTest,getOutput/0,false,59,1,2,2,0,1,4,5,1,1,0,4,0,0,0,0,0,0,0,0,1,0,0,0,0,0,5,2,0,false
C:\Users\h8men\OneDrive\Documentos\Cefet\TCC\kafka-streams-machine-learning-examples\h2o-gbm\src\test\java\com\github\megachucky\kafka\streams\machinelearning\Kafka_Streams_MachineLearning_H2O_DeepLearning_ExampleTest.java,com.github.megachucky.kafka.streams.machinelearning.Kafka_Streams_MachineLearning_H2O_DeepLearning_ExampleTest,testOne/0,false,71,2,1,0,1,1,5,4,0,0,0,5,1,1,0,0,0,0,2,1,0,0,0,0,0,0,16,1,0,true
C:\Users\h8men\OneDrive\Documentos\Cefet\TCC\kafka-streams-machine-learning-examples\src\main\java\com\github\megachucky\kafka\streams\machinelearning\StreamsStarterApp.java,com.github.megachucky.kafka.streams.machinelearning.StreamsStarterApp,main/1[java.lang.String[]],false,20,3,0,0,0,1,13,16,0,4,1,13,0,0,0,0,0,0,5,0,4,0,0,0,0,0,15,9,0,false
C:\Users\h8men\OneDrive\Documentos\Cefet\TCC\kafka-streams-machine-learning-examples\h2o-gbm\src\test\java\com\github\megachucky\kafka\streams\machinelearning\Kafka_Streams_MachineLearning_H2O_GBM_ExampleTest.java,com.github.megachucky.kafka.streams.machinelearning.Kafka_Streams_MachineLearning_H2O_GBM_ExampleTest,tearDown/0,false,47,1,0,0,0,2,3,8,0,0,0,3,0,0,0,0,1,0,1,0,0,1,1,0,0,0,10,1,0,false
C:\Users\h8men\OneDrive\Documentos\Cefet\TCC\kafka-streams-machine-learning-examples\h2o-gbm\src\test\java\com\github\megachucky\kafka\streams\machinelearning\Kafka_Streams_MachineLearning_H2O_GBM_ExampleTest.java,com.github.megachucky.kafka.streams.machinelearning.Kafka_Streams_MachineLearning_H2O_GBM_ExampleTest,testList/0,false,85,3,1,0,1,1,10,7,0,3,0,10,1,1,0,0,0,0,4,2,2,0,0,0,0,1,24,1,0,true
C:\Users\h8men\OneDrive\Documentos\Cefet\TCC\kafka-streams-machine-learning-examples\h2o-gbm\src\test\java\com\github\megachucky\kafka\streams\machinelearning\Kafka_Streams_MachineLearning_H2O_GBM_ExampleTest.java,com.github.megachucky.kafka.streams.machinelearning.Kafka_Streams_MachineLearning_H2O_GBM_ExampleTest,setup/0,false,38,3,2,0,2,1,2,3,0,0,0,2,0,0,0,0,0,0,1,0,1,0,0,0,0,0,7,1,0,false
C:\Users\h8men\OneDrive\Documentos\Cefet\TCC\kafka-streams-machine-learning-examples\h2o-gbm\src\test\java\com\github\megachucky\kafka\streams\machinelearning\Kafka_Streams_MachineLearning_H2O_GBM_ExampleTest.java,com.github.megachucky.kafka.streams.machinelearning.Kafka_Streams_MachineLearning_H2O_GBM_ExampleTest,getOutput/0,false,59,1,2,2,0,1,4,5,1,1,0,4,0,0,0,0,0,0,0,0,1,0,0,0,0,0,5,2,0,false
C:\Users\h8men\OneDrive\Documentos\Cefet\TCC\kafka-streams-machine-learning-examples\h2o-gbm\src\test\java\com\github\megachucky\kafka\streams\machinelearning\Kafka_Streams_MachineLearning_H2O_GBM_ExampleTest.java,com.github.megachucky.kafka.streams.machinelearning.Kafka_Streams_MachineLearning_H2O_GBM_ExampleTest,testOne/0,false,71,2,1,0,1,1,5,4,0,0,0,5,1,1,0,0,0,0,2,1,0,0,0,0,0,0,16,1,0,true
C:\Users\h8men\OneDrive\Documentos\Cefet\TCC\kafka-streams-machine-learning-examples\h2o-gbm\src\main\java\com\github\megachucky\kafka\streams\machinelearning\models\deeplearning_fe7c1f02_08ec_4070_b784_c2531147e451.java,com.github.megachucky.kafka.streams.machinelearning.models.deeplearning_fe7c1f02_08ec_4070_b784_c2531147e451_ColInfo_12$deeplearning_fe7c1f02_08ec_4070_b784_c2531147e451_ColInfo_12_0,fill/1[java.lang.String[]],false,97160,0,1,1,0,1,0,4,0,0,1,0,0,0,0,0,0,0,2,2,2,0,0,0,0,0,2,24,0,false
C:\Users\h8men\OneDrive\Documentos\Cefet\TCC\kafka-streams-machine-learning-examples\h2o-gbm\src\main\java\com\github\megachucky\kafka\streams\machinelearning\models\deeplearning_fe7c1f02_08ec_4070_b784_c2531147e451.java,com.github.megachucky.kafka.streams.machinelearning.models.deeplearning_fe7c1f02_08ec_4070_b784_c2531147e451_Weight_2,(initializer 7),false,56358,14,14,0,14,1,14,16,0,0,0,14,0,0,0,0,0,0,0,0,0,0,0,0,0,0,6,8,0,false
C:\Users\h8men\OneDrive\Documentos\Cefet\TCC\kafka-streams-machine-learning-examples\h2o-gbm\src\main\java\com\github\megachucky\kafka\streams\machinelearning\models\gbm_pojo_test.java,com.github.megachucky.kafka.streams.machinelearning.models.gbm_pojo_test_ColInfo_10$gbm_pojo_test_ColInfo_10_0,fill/1[java.lang.String[]],false,269,0,1,1,0,1,0,136,0,0,1,0,0,0,0,0,0,0,134,134,134,0,0,0,0,0,2,24,0,false
C:\Users\h8men\OneDrive\Documentos\Cefet\TCC\kafka-streams-machine-learning-examples\h2o-gbm\src\main\java\com\github\megachucky\kafka\streams\machinelearning\models\deeplearning_fe7c1f02_08ec_4070_b784_c2531147e451.java,com.github.megachucky.kafka.streams.machinelearning.models.deeplearning_fe7c1f02_08ec_4070_b784_c2531147e451_Weight_1,(initializer 6),false,657,19,19,0,19,1,19,21,0,0,0,19,0,0,0,0,0,0,0,0,0,0,0,0,0,0,6,8,0,false
C:\Users\h8men\OneDrive\Documentos\Cefet\TCC\kafka-streams-machine-learning-examples\h2o-gbm\src\main\java\com\github\megachucky\kafka\streams\machinelearning\models\deeplearning_fe7c1f02_08ec_4070_b784_c2531147e451.java,com.github.megachucky.kafka.streams.machinelearning.models.deeplearning_fe7c1f02_08ec_4070_b784_c2531147e451_Weight_3,(initializer 8),false,96434,1,1,0,1,1,1,3,0,0,0,1,0,0,0,0,0,0,0,0,0,0,0,0,0,0,6,8,0,false
